oid,flat_base,flat_abl,top_base,top_abl
ZTF17aaabmwr,EB/EW,EB/EW,Periodic,Periodic
ZTF17aaadask,RRLc,RRLc,Periodic,Periodic
ZTF17aaadkgg,LPV,YSO,Periodic,Stochastic
ZTF17aaadyos,EA,CV/Nova,Periodic,Stochastic
ZTF17aaadzhc,LPV,LPV,Periodic,Stochastic
ZTF17aaaeavx,EB/EW,EB/EW,Periodic,Periodic
ZTF17aaaeczc,LPV,YSO,Periodic,Stochastic
ZTF17aaaeegv,EB/EW,EB/EW,Periodic,Periodic
ZTF17aaaehis,RRLc,RRLc,Periodic,Periodic
ZTF17aaaehwd,RRLab,RRLab,Periodic,Periodic
ZTF17aaaewou,EB/EW,EB/EW,Periodic,Periodic
ZTF17aaafpce,EA,EA,Periodic,Periodic
ZTF17aaafujb,Periodic-Other,CV/Nova,Periodic,Periodic
ZTF17aaafylj,YSO,YSO,Periodic,Periodic
ZTF17aaafyqt,LPV,YSO,Periodic,Stochastic
ZTF17aaahtfi,EB/EW,EB/EW,Periodic,Periodic
ZTF17aaahxaf,DSCT,DSCT,Periodic,Periodic
ZTF17aaahxsk,EB/EW,EB/EW,Periodic,Periodic
ZTF17aaaiams,EB/EW,EB/EW,Periodic,Periodic
ZTF17aaailsc,LPV,LPV,Periodic,Periodic
ZTF17aaailsf,RRLab,RRLab,Periodic,Periodic
ZTF17aaaivoq,Periodic-Other,Periodic-Other,Periodic,Periodic
ZTF17aaajrue,CV/Nova,CV/Nova,Stochastic,Stochastic
ZTF17aaakdyp,RRLab,RRLab,Periodic,Periodic
ZTF17aaanppk,YSO,CV/Nova,Stochastic,Stochastic
ZTF17aaapnuj,CV/Nova,CV/Nova,Periodic,Stochastic
ZTF17aaarofx,EA,EA,Periodic,Periodic
ZTF17aaasfkg,CV/Nova,CV/Nova,Periodic,Transient
ZTF17aaasnvt,EB/EW,EB/EW,Periodic,Periodic
ZTF17aaasqkk,CV/Nova,CV/Nova,Periodic,Stochastic
ZTF17aaatant,RSCVn,YSO,Periodic,Periodic
ZTF17aaauiel,EB/EW,Periodic-Other,Periodic,Periodic
ZTF17aaaverl,CV/Nova,CV/Nova,Periodic,Transient
ZTF17aaawghb,LPV,LPV,Periodic,Stochastic
ZTF17aaawgto,LPV,LPV,Periodic,Stochastic
ZTF17aaawrtr,EA,CV/Nova,Periodic,Stochastic
ZTF17aaawsmw,LPV,YSO,Periodic,Stochastic
ZTF17aaaxajd,EB/EW,EB/EW,Periodic,Periodic
ZTF17aaayznk,RSCVn,CV/Nova,Periodic,Stochastic
ZTF17aaaznqn,CV/Nova,CV/Nova,Periodic,Stochastic
ZTF17aaazoen,Periodic-Other,CV/Nova,Periodic,Periodic
ZTF17aabcizq,Periodic-Other,CV/Nova,Periodic,Periodic
ZTF17aabcupo,CV/Nova,CV/Nova,Periodic,Transient
ZTF17aabdeal,CV/Nova,CV/Nova,Periodic,Stochastic
ZTF17aabgaws,CV/Nova,CV/Nova,Periodic,Transient
ZTF17aabgbup,YSO,YSO,Periodic,Stochastic
ZTF17aabgbyh,LPV,YSO,Periodic,Periodic
ZTF17aabhsht,CV/Nova,CV/Nova,Periodic,Transient
ZTF17aabjgau,RSCVn,RSCVn,Periodic,Periodic
ZTF17aabjiav,RSCVn,CV/Nova,Periodic,Transient
ZTF17aabjkbk,RSCVn,YSO,Stochastic,Stochastic
ZTF17aabkfiv,CEP,CEP,Periodic,Periodic
ZTF17aabnena,EB/EW,EB/EW,Periodic,Periodic
ZTF17aabopnq,EB/EW,EB/EW,Periodic,Periodic
ZTF17aabowcu,EA,EA,Periodic,Periodic
ZTF17aabqibu,RRLc,RRLc,Periodic,Periodic
ZTF17aabszwy,RRLab,RRLab,Periodic,Periodic
ZTF17aabtpqp,EB/EW,EB/EW,Periodic,Periodic
ZTF17aabtuji,RRLc,RRLc,Periodic,Periodic
ZTF17aabundg,CV/Nova,CV/Nova,Periodic,Stochastic
ZTF17aaburpp,Periodic-Other,Periodic-Other,Periodic,Periodic
ZTF17aabuuza,RRLab,RRLab,Periodic,Periodic
ZTF17aabuwwx,EB/EW,EB/EW,Periodic,Periodic
ZTF17aabuyhx,CV/Nova,CV/Nova,Stochastic,Stochastic
ZTF17aabuyzi,RSCVn,YSO,Periodic,Stochastic
ZTF17aabvckd,Periodic-Other,Periodic-Other,Periodic,Periodic
ZTF17aabvwgr,EB/EW,EB/EW,Periodic,Periodic
ZTF17aabwawf,Periodic-Other,CV/Nova,Periodic,Periodic
ZTF17aabwbob,Periodic-Other,CV/Nova,Periodic,Periodic
ZTF17aabwglt,Periodic-Other,Periodic-Other,Periodic,Periodic
ZTF17aabwjtq,EB/EW,EB/EW,Periodic,Periodic
ZTF17aabwjyq,CV/Nova,CV/Nova,Periodic,Transient
ZTF17aabwlps,EB/EW,EB/EW,Periodic,Periodic
ZTF17aabwokq,EB/EW,EB/EW,Periodic,Periodic
ZTF17aabxhxp,RRLab,RRLab,Periodic,Periodic
ZTF17aabxnxh,RRLab,RRLab,Periodic,Periodic
ZTF17aabxoha,RRLab,RRLab,Periodic,Periodic
ZTF17aaccwoi,CV/Nova,CV/Nova,Periodic,Transient
ZTF17aaclcvc,EB/EW,EB/EW,Periodic,Periodic
ZTF17aacnfxv,CV/Nova,CV/Nova,Periodic,Stochastic
ZTF17aacojgm,RRLc,RRLc,Periodic,Periodic
ZTF17aacpbzc,EB/EW,EB/EW,Periodic,Periodic
ZTF17aacpvne,EB/EW,EB/EW,Periodic,Periodic
ZTF17aactcya,CV/Nova,CV/Nova,Periodic,Stochastic
ZTF17aactrjs,Blazar,CV/Nova,Stochastic,Stochastic
ZTF17aacutdw,CV/Nova,CV/Nova,Periodic,Transient
ZTF17aacvwzq,EB/EW,EB/EW,Periodic,Periodic
ZTF17aacwalj,EA,EA,Periodic,Periodic
ZTF17aacwztx,CV/Nova,CV/Nova,Periodic,Stochastic
ZTF17aacxpno,RSCVn,CV/Nova,Periodic,Periodic
ZTF17aacyjmv,LPV,YSO,Periodic,Stochastic
ZTF17aaczrqj,LPV,YSO,Periodic,Stochastic
ZTF17aadaavf,RSCVn,CV/Nova,Periodic,Stochastic
ZTF17aadbxfa,RRLab,RRLab,Periodic,Periodic
ZTF17aaddcui,EB/EW,EB/EW,Periodic,Periodic
ZTF17aaddgkx,RSCVn,YSO,Periodic,Stochastic
ZTF17aadgldy,CV/Nova,CV/Nova,Periodic,Stochastic
ZTF17aadijsy,EA,EA,Periodic,Periodic
ZTF17aadimqz,Periodic-Other,EB/EW,Periodic,Periodic
ZTF17aaditba,CV/Nova,CV/Nova,Periodic,Stochastic
ZTF17aadkbad,EA,EA,Periodic,Periodic
ZTF17aadluxo,Periodic-Other,CV/Nova,Periodic,Periodic
ZTF17aadmtbb,Periodic-Other,CV/Nova,Periodic,Periodic
ZTF17aadniuq,LPV,CV/Nova,Periodic,Stochastic
ZTF17aadnjwe,EA,EA,Periodic,Periodic
ZTF17aadnucr,EA,EA,Periodic,Stochastic
ZTF17aadnuts,LPV,CV/Nova,Periodic,Stochastic
ZTF17aadnwhz,CV/Nova,CV/Nova,Periodic,Stochastic
ZTF17aadnwkj,Periodic-Other,CV/Nova,Periodic,Periodic
ZTF17aadocrj,EA,CV/Nova,Periodic,Stochastic
ZTF17aadrqyq,YSO,YSO,Periodic,Stochastic
ZTF17aadryyb,RSCVn,YSO,Periodic,Periodic
ZTF17aadsjkj,EA,EA,Periodic,Periodic
ZTF18aaaakqo,EB/EW,CV/Nova,Periodic,Periodic
ZTF18aaaamqw,LPV,CV/Nova,Periodic,Periodic
ZTF18aaaaszz,LPV,CV/Nova,Periodic,Stochastic
ZTF18aaaateq,EA,CV/Nova,Periodic,Periodic
ZTF18aaaatuw,RRLab,RRLab,Periodic,Periodic
ZTF18aaabajh,LPV,LPV,Periodic,Periodic
ZTF18aaabnsc,CV/Nova,CV/Nova,Periodic,Transient
ZTF18aaachrs,EB/EW,EB/EW,Periodic,Periodic
ZTF18aaadkhh,RRLab,RRLab,Periodic,Periodic
ZTF18aaadlrh,RSCVn,YSO,Periodic,Stochastic
ZTF18aaaeyca,EB/EW,EB/EW,Periodic,Periodic
ZTF18aaahlrk,EB/EW,EB/EW,Periodic,Periodic
ZTF18aaajvxh,CV/Nova,CV/Nova,Periodic,Stochastic
ZTF18aaajwpy,Periodic-Other,CV/Nova,Periodic,Periodic
ZTF18aaaljcd,YSO,YSO,Stochastic,Stochastic
ZTF18aaalocs,EB/EW,EB/EW,Periodic,Periodic
ZTF18aaandfr,EB/EW,EB/EW,Periodic,Periodic
ZTF18aaapchz,Periodic-Other,CV/Nova,Periodic,Periodic
ZTF18aaaqhvd,Periodic-Other,CV/Nova,Periodic,Transient
ZTF18aaaqyqn,Periodic-Other,Periodic-Other,Periodic,Periodic
ZTF18aaarpny,RRLab,RRLab,Periodic,Periodic
ZTF18aabehkv,CV/Nova,CV/Nova,Periodic,Stochastic
ZTF18aabehvv,Periodic-Other,CV/Nova,Periodic,Stochastic
ZTF18aabeidi,AGN,CV/Nova,Stochastic,Transient
ZTF18aabfash,RSCVn,CV/Nova,Periodic,Stochastic
ZTF18aabfufo,EA,CV/Nova,Periodic,Periodic
ZTF18aabfvvs,EB/EW,EB/EW,Periodic,Periodic
ZTF18aabfyqd,Periodic-Other,CV/Nova,Periodic,Periodic
ZTF18aabgauy,EB/EW,EB/EW,Periodic,Periodic
ZTF18aabgggt,EB/EW,EB/EW,Periodic,Periodic
ZTF18aabghsu,Periodic-Other,CV/Nova,Periodic,Periodic
ZTF18aabgmys,CV/Nova,CV/Nova,Periodic,Stochastic
ZTF18aabgoqj,Periodic-Other,CV/Nova,Periodic,Periodic
ZTF18aabgwsc,RRLab,RRLab,Periodic,Periodic
ZTF18aabgyqz,YSO,CV/Nova,Stochastic,Periodic
ZTF18aabgzyp,EB/EW,EB/EW,Periodic,Periodic
ZTF18aabhkra,Periodic-Other,CV/Nova,Periodic,Stochastic
ZTF18aabipxo,LPV,YSO,Periodic,Periodic
ZTF18aabiqbt,Periodic-Other,EB/EW,Periodic,Periodic
ZTF18aabivco,Periodic-Other,CV/Nova,Periodic,Transient
ZTF18aabivkb,Periodic-Other,CV/Nova,Periodic,Stochastic
ZTF18aabjzgo,Periodic-Other,CV/Nova,Periodic,Periodic
ZTF18aabjzok,EB/EW,EB/EW,Periodic,Periodic
ZTF18aablraz,Periodic-Other,CV/Nova,Stochastic,Stochastic
ZTF18aabltja,EA,EA,Periodic,Periodic
ZTF18aabpkwp,EB/EW,EB/EW,Periodic,Periodic
ZTF18aabpvct,EA,CV/Nova,Periodic,Periodic
ZTF18aabpwwp,EB/EW,EB/EW,Periodic,Periodic
ZTF18aabqxib,EA,EA,Periodic,Periodic
ZTF18aabrxyr,LPV,CV/Nova,Periodic,Stochastic
ZTF18aabslbt,CV/Nova,CV/Nova,Periodic,Stochastic
ZTF18aabtmyw,EA,CV/Nova,Periodic,Stochastic
ZTF18aacaidc,RSCVn,CV/Nova,Periodic,Stochastic
ZTF18aacdklx,CV/Nova,CV/Nova,Periodic,Stochastic
ZTF18aacejam,Periodic-Other,CV/Nova,Periodic,Periodic
ZTF18aacereg,Periodic-Other,CV/Nova,Periodic,Periodic
ZTF18aacfrkx,Periodic-Other,CV/Nova,Periodic,Stochastic
ZTF18aacqsok,Periodic-Other,CV/Nova,Periodic,Periodic
ZTF18aacujgc,CV/Nova,CV/Nova,Periodic,Transient
ZTF18aacwsku,EA,CV/Nova,Periodic,Periodic
ZTF18aacyxbx,CV/Nova,CV/Nova,Periodic,Stochastic
ZTF18aadekuv,CV/Nova,CV/Nova,Periodic,Stochastic
ZTF18aadpwic,Periodic-Other,CV/Nova,Periodic,Periodic
ZTF18aadqkgo,EA,CV/Nova,Periodic,Periodic
ZTF18aadrxmz,CV/Nova,CV/Nova,Periodic,Stochastic
ZTF18aadsqih,CV/Nova,CV/Nova,Stochastic,Stochastic
ZTF18aaduafy,EB/EW,EB/EW,Periodic,Periodic
ZTF18aadunmw,CV/Nova,CV/Nova,Stochastic,Stochastic
ZTF18aaeabgi,QSO,CV/Nova,Stochastic,Stochastic
ZTF18aaeaphs,RSCVn,CV/Nova,Periodic,Periodic
ZTF18aaedaip,RSCVn,YSO,Periodic,Periodic
ZTF18aaedujy,RSCVn,YSO,Periodic,Periodic
ZTF18aaegpns,CV/Nova,CV/Nova,Periodic,Stochastic
ZTF18aaegrnn,Blazar,CV/Nova,Stochastic,Stochastic
ZTF18aaehuif,CV/Nova,CV/Nova,Periodic,Stochastic
ZTF18aaeiuyk,Periodic-Other,CV/Nova,Periodic,Transient
ZTF18aaejrya,Periodic-Other,CV/Nova,Periodic,Periodic
ZTF18aaengsn,RSCVn,CV/Nova,Periodic,Stochastic
ZTF18aaewfsr,Periodic-Other,CV/Nova,Periodic,Periodic
ZTF18aafefsb,DSCT,CV/Nova,Periodic,Periodic
ZTF18aafhhmw,RSCVn,YSO,Periodic,Stochastic
ZTF18aafrify,RSCVn,CV/Nova,Periodic,Periodic
ZTF18aafxcff,CV/Nova,CV/Nova,Periodic,Stochastic
ZTF18aafxdtc,Periodic-Other,CV/Nova,Periodic,Stochastic
ZTF18aafxfzd,Periodic-Other,CV/Nova,Periodic,Stochastic
ZTF18aagctrf,QSO,CV/Nova,Stochastic,Stochastic
ZTF18aagfzsy,Periodic-Other,CV/Nova,Periodic,Transient
ZTF18aaggsch,CV/Nova,CV/Nova,Periodic,Stochastic
ZTF18aagluqm,CV/Nova,CV/Nova,Periodic,Stochastic
ZTF18aaglvqr,CV/Nova,CV/Nova,Stochastic,Stochastic
ZTF18aagrkum,RSCVn,CV/Nova,Periodic,Stochastic
ZTF18aagrljw,RRLc,RRLc,Periodic,Periodic
ZTF18aagsilj,RSCVn,CV/Nova,Periodic,Stochastic
ZTF18aagwngp,RSCVn,CV/Nova,Periodic,Stochastic
ZTF18aahhqmm,Periodic-Other,CV/Nova,Periodic,Transient
ZTF18aahihvt,EB/EW,EB/EW,Periodic,Periodic
ZTF18aahkomv,Periodic-Other,CV/Nova,Periodic,Periodic
ZTF18aaialhm,CV/Nova,CV/Nova,Periodic,Stochastic
ZTF18aaibqtj,YSO,YSO,Periodic,Stochastic
ZTF18aaiclvh,CV/Nova,CV/Nova,Stochastic,Stochastic
ZTF18aaicnzp,Periodic-Other,EB/EW,Periodic,Periodic
ZTF18aaiilfq,RRLc,RRLc,Periodic,Periodic
ZTF18aaimjyg,RSCVn,YSO,Periodic,Stochastic
ZTF18aaimxnf,RRLab,RRLab,Periodic,Periodic
ZTF18aaisdeb,EB/EW,RRLc,Periodic,Periodic
ZTF18aaismxv,CV/Nova,CV/Nova,Periodic,Stochastic
ZTF18aaismyh,CV/Nova,CV/Nova,Periodic,Transient
ZTF18aaitcdx,AGN,SNIIn,Stochastic,Stochastic
ZTF18aajhhbo,Periodic-Other,CV/Nova,Periodic,Stochastic
ZTF18aajkbkk,Periodic-Other,CV/Nova,Periodic,Transient
ZTF18aajqxpy,RSCVn,CV/Nova,Periodic,Stochastic
ZTF18aajruqb,EA,YSO,Periodic,Periodic
ZTF18aajrydw,RRLab,RRLab,Periodic,Periodic
ZTF18aajryxy,EA,CV/Nova,Periodic,Stochastic
ZTF18aajsvlk,YSO,YSO,Stochastic,Stochastic
ZTF18aakfmug,CV/Nova,CV/Nova,Periodic,Stochastic
ZTF18aakfnme,Periodic-Other,YSO,Periodic,Periodic
ZTF18aakmccd,YSO,YSO,Periodic,Stochastic
ZTF18aaktijb,QSO,TDE,Stochastic,Stochastic
ZTF18aakxbwn,AGN,CV/Nova,Stochastic,Transient
ZTF18aakyshb,Periodic-Other,Periodic-Other,Periodic,Periodic
ZTF18aakyzcc,Periodic-Other,Periodic-Other,Periodic,Periodic
ZTF18aalsyjo,YSO,YSO,Stochastic,Stochastic
ZTF18aamepku,RSCVn,YSO,Periodic,Stochastic
ZTF18aamkdmx,EB/EW,EB/EW,Periodic,Periodic
ZTF18aammfaf,Periodic-Other,CV/Nova,Periodic,Periodic
ZTF18aammfik,RRLab,RRLab,Periodic,Periodic
ZTF18aammfjc,RRLc,CV/Nova,Periodic,Periodic
ZTF18aamqshc,RSCVn,CV/Nova,Periodic,Transient
ZTF18aamrfyx,Periodic-Other,CV/Nova,Periodic,Periodic
ZTF18aamrtba,AGN,CV/Nova,Stochastic,Transient
ZTF18aamselm,CV/Nova,CV/Nova,Periodic,Stochastic
ZTF18aamuzsn,Periodic-Other,CV/Nova,Periodic,Periodic
ZTF18aamwvby,Periodic-Other,CV/Nova,Periodic,Stochastic
ZTF18aamxgbf,Periodic-Other,CV/Nova,Periodic,Stochastic
ZTF18aamygpu,CV/Nova,CV/Nova,Periodic,Stochastic
ZTF18aandnyx,CV/Nova,CV/Nova,Periodic,Stochastic
ZTF18aaneahy,RSCVn,CV/Nova,Periodic,Stochastic
ZTF18aanhjsy,CV/Nova,CV/Nova,Periodic,Transient
ZTF18aanipcs,CV/Nova,CV/Nova,Periodic,Transient
ZTF18aanitfn,RSCVn,CV/Nova,Periodic,Periodic
ZTF18aanjxcd,Periodic-Other,CV/Nova,Periodic,Periodic
ZTF18aanlpaw,Periodic-Other,CV/Nova,Periodic,Periodic
ZTF18aanlqeo,EA,CV/Nova,Periodic,Periodic
ZTF18aanlrni,Periodic-Other,CV/Nova,Periodic,Transient
ZTF18aannony,CV/Nova,CV/Nova,Periodic,Stochastic
ZTF18aanohvz,YSO,CV/Nova,Stochastic,Stochastic
ZTF18aanumuu,CV/Nova,CV/Nova,Periodic,Stochastic
ZTF18aanxmsx,CV/Nova,CV/Nova,Periodic,Periodic
ZTF18aanxzxh,CV/Nova,CV/Nova,Periodic,Periodic
ZTF18aanzgxp,RRLab,CV/Nova,Periodic,Periodic
ZTF18aaoebtz,RSCVn,YSO,Periodic,Periodic
ZTF18aaohkcd,CV/Nova,CV/Nova,Periodic,Periodic
ZTF18aaohryp,YSO,YSO,Periodic,Stochastic
ZTF18aaopezv,EA,CV/Nova,Periodic,Stochastic
ZTF18aaoqueg,CV/Nova,CV/Nova,Periodic,Periodic
ZTF18aaoscty,Periodic-Other,CV/Nova,Periodic,Transient
ZTF18aaowhwy,Periodic-Other,CV/Nova,Periodic,Periodic
ZTF18aaoztic,CV/Nova,CV/Nova,Periodic,Stochastic
ZTF18aaperpb,Periodic-Other,EB/EW,Periodic,Periodic
ZTF18aapesad,EB/EW,EB/EW,Periodic,Periodic
ZTF18aapmbot,RRLc,RRLc,Periodic,Periodic
ZTF18aaptvya,CV/Nova,CV/Nova,Stochastic,Stochastic
ZTF18aapuagp,Periodic-Other,CV/Nova,Periodic,Periodic
ZTF18aapwqie,YSO,YSO,Periodic,Stochastic
ZTF18aapznhh,Periodic-Other,CV/Nova,Periodic,Periodic
ZTF18aaqamfz,RRLab,RRLab,Periodic,Periodic
ZTF18aaqbjpd,CV/Nova,CV/Nova,Periodic,Stochastic
ZTF18aaqcdbp,Periodic-Other,CV/Nova,Periodic,Periodic
ZTF18aaqjhtb,Periodic-Other,CV/Nova,Periodic,Transient
ZTF18aaqjiyd,TDE,TDE,Transient,Transient
ZTF18aaqrxpu,Periodic-Other,CV/Nova,Periodic,Periodic
ZTF18aaqsrjf,CV/Nova,CV/Nova,Periodic,Stochastic
ZTF18aaqufyv,CV/Nova,CV/Nova,Periodic,Stochastic
ZTF18aaqvdvi,Periodic-Other,CV/Nova,Periodic,Periodic
ZTF18aaradlh,RSCVn,YSO,Periodic,Periodic
ZTF18aarfavy,Periodic-Other,CV/Nova,Periodic,Stochastic
ZTF18aarffdx,CV/Nova,CV/Nova,Periodic,Stochastic
ZTF18aarfsmd,CV/Nova,CV/Nova,Periodic,Stochastic
ZTF18aarhcyl,RSCVn,CV/Nova,Periodic,Stochastic
ZTF18aarinkj,Periodic-Other,Periodic-Other,Periodic,Periodic
ZTF18aarmkmf,CV/Nova,CV/Nova,Periodic,Stochastic
ZTF18aarpuyd,QSO,CV/Nova,Stochastic,Stochastic
ZTF18aarrfty,RSCVn,YSO,Periodic,Stochastic
ZTF18aartxea,Periodic-Other,CV/Nova,Periodic,Periodic
ZTF18aarxftd,EA,CV/Nova,Periodic,Periodic
ZTF18aasnflc,LPV,LPV,Periodic,Stochastic
ZTF18aasniad,LPV,YSO,Periodic,Stochastic
ZTF18aasnibr,LPV,CV/Nova,Periodic,Stochastic
ZTF18aasnqqj,RRLc,RRLc,Periodic,Periodic
ZTF18aasrrxf,CV/Nova,CV/Nova,Periodic,Transient
ZTF18aasrues,Periodic-Other,CV/Nova,Periodic,Periodic
ZTF18aasrydv,RSCVn,CEP,Periodic,Periodic
ZTF18aattepd,CV/Nova,CV/Nova,Stochastic,Stochastic
ZTF18aatwbxh,Periodic-Other,CV/Nova,Periodic,Transient
ZTF18aauellb,RSCVn,YSO,Periodic,Stochastic
ZTF18aauemdo,LPV,YSO,Periodic,Stochastic
ZTF18aaueriy,LPV,YSO,Periodic,Stochastic
ZTF18aauexgl,LPV,YSO,Periodic,Stochastic
ZTF18aauexhj,LPV,YSO,Periodic,Stochastic
ZTF18aaugvce,RSCVn,Microlensing,Periodic,Stochastic
ZTF18aaugvmo,LPV,YSO,Periodic,Stochastic
ZTF18aaugzlj,LPV,YSO,Periodic,Stochastic
ZTF18aauqnts,LPV,CV/Nova,Periodic,Stochastic
ZTF18aauqoae,RSCVn,YSO,Periodic,Periodic
ZTF18aauwiqc,Periodic-Other,CV/Nova,Periodic,Periodic
ZTF18aavaesb,QSO,CV/Nova,Stochastic,Stochastic
ZTF18aavefdj,LPV,CV/Nova,Periodic,Stochastic
ZTF18aavegfp,LPV,CV/Nova,Periodic,Stochastic
ZTF18aavexvb,LPV,YSO,Periodic,Stochastic
ZTF18aavfare,CV/Nova,CV/Nova,Periodic,Stochastic
ZTF18aavghle,LPV,YSO,Periodic,Periodic
ZTF18aaviqml,RRLc,RRLc,Periodic,Periodic
ZTF18aavlgnn,LPV,YSO,Periodic,Periodic
ZTF18aavpacf,EA,YSO,Periodic,Periodic
ZTF18aavtthp,CV/Nova,CV/Nova,Periodic,Stochastic
ZTF18aavuhqx,RSCVn,CV/Nova,Periodic,Stochastic
ZTF18aavyntu,LPV,CV/Nova,Periodic,Stochastic
ZTF18aavyrmn,EB/EW,EB/EW,Periodic,Periodic
ZTF18aavytht,EB/EW,EB/EW,Periodic,Periodic
ZTF18aavzkwg,LPV,CV/Nova,Periodic,Stochastic
ZTF18aavzlgd,LPV,CV/Nova,Periodic,Stochastic
ZTF18aavzljq,LPV,CV/Nova,Periodic,Stochastic
ZTF18aavzpyo,RSCVn,YSO,Periodic,Stochastic
ZTF18aavztfd,Periodic-Other,CV/Nova,Periodic,Transient
ZTF18aawadby,LPV,LPV,Periodic,Stochastic
ZTF18aawbopb,RSCVn,CV/Nova,Periodic,Stochastic
ZTF18aawbrop,RSCVn,CV/Nova,Periodic,Periodic
ZTF18aawhraw,Periodic-Other,CV/Nova,Periodic,Periodic
ZTF18aawicgr,CV/Nova,CV/Nova,Periodic,Stochastic
ZTF18aawkncc,CV/Nova,CV/Nova,Periodic,Stochastic
ZTF18aawknfn,EB/EW,EB/EW,Periodic,Periodic
ZTF18aawleot,CV/Nova,CV/Nova,Periodic,Stochastic
ZTF18aawlzxn,EB/EW,EB/EW,Periodic,Periodic
ZTF18aawmfvt,LPV,YSO,Periodic,Stochastic
ZTF18aawpfpq,Periodic-Other,CV/Nova,Periodic,Stochastic
ZTF18aawsuye,LPV,YSO,Periodic,Stochastic
ZTF18aawuhes,RSCVn,YSO,Periodic,Stochastic
ZTF18aawveho,Periodic-Other,EA,Periodic,Periodic
ZTF18aawvili,CV/Nova,CV/Nova,Stochastic,Stochastic
ZTF18aawvueo,RSCVn,CV/Nova,Periodic,Stochastic
ZTF18aawxwwi,QSO,CV/Nova,Stochastic,Stochastic
ZTF18aawzuhg,LPV,YSO,Periodic,Stochastic
ZTF18aaxalof,LPV,YSO,Periodic,Stochastic
ZTF18aaxatuf,LPV,YSO,Periodic,Stochastic
ZTF18aaxbjrg,RSCVn,CV/Nova,Periodic,Stochastic
ZTF18aaxbrhj,Periodic-Other,YSO,Periodic,Stochastic
ZTF18aaxczba,LPV,YSO,Periodic,Periodic
ZTF18aaxczyi,EB/EW,EB/EW,Periodic,Periodic
ZTF18aaxdapv,EB/EW,RRLc,Periodic,Periodic
ZTF18aaxddak,LPV,YSO,Periodic,Stochastic
ZTF18aaxdjxx,LPV,LPV,Periodic,Periodic
ZTF18aaxdpjo,LPV,YSO,Periodic,Stochastic
ZTF18aaxhaqt,CEP,CV/Nova,Periodic,Stochastic
ZTF18aaxhehq,Periodic-Other,EA,Periodic,Periodic
ZTF18aaxhlxa,CV/Nova,CV/Nova,Periodic,Stochastic
ZTF18aaxhvqq,RSCVn,CV/Nova,Periodic,Stochastic
ZTF18aaxikxb,YSO,YSO,Stochastic,Stochastic
ZTF18aaxjduq,LPV,CEP,Periodic,Periodic
ZTF18aaxjfqy,LPV,YSO,Periodic,Stochastic
ZTF18aaxjkej,EB/EW,EB/EW,Periodic,Periodic
ZTF18aaxjkjh,LPV,YSO,Periodic,Stochastic
ZTF18aaxljrh,EA,EB/EW,Periodic,Periodic
ZTF18aaxlpep,LPV,YSO,Periodic,Stochastic
ZTF18aaxlpfv,LPV,YSO,Periodic,Stochastic
ZTF18aaxoryo,CV/Nova,CV/Nova,Periodic,Stochastic
ZTF18aaxplgg,LPV,YSO,Periodic,Stochastic
ZTF18aaxpmrt,YSO,YSO,Periodic,Periodic
ZTF18aaxrlkn,CV/Nova,CV/Nova,Periodic,Stochastic
ZTF18aaxrvyx,QSO,CV/Nova,Stochastic,Stochastic
ZTF18aaxswys,Periodic-Other,CV/Nova,Periodic,Stochastic
ZTF18aaxujxg,LPV,YSO,Periodic,Stochastic
ZTF18aaxumpo,LPV,LPV,Periodic,Stochastic
ZTF18aaxvacd,RSCVn,YSO,Periodic,Periodic
ZTF18aaxvbth,EA,YSO,Periodic,Stochastic
ZTF18aaxvbxu,LPV,YSO,Periodic,Stochastic
ZTF18aaxyryv,CEP,RRLab,Periodic,Periodic
ZTF18aaxyskq,LPV,YSO,Periodic,Stochastic
ZTF18aaxywxx,LPV,YSO,Periodic,Periodic
ZTF18aaxyyqq,LPV,LPV,Periodic,Stochastic
ZTF18aaydsfh,LPV,YSO,Periodic,Stochastic
ZTF18aayehlc,EB/EW,EB/EW,Periodic,Periodic
ZTF18aayeigi,LPV,YSO,Periodic,Periodic
ZTF18aayeipa,LPV,CV/Nova,Periodic,Stochastic
ZTF18aayejkt,LPV,LPV,Periodic,Periodic
ZTF18aayesbb,Periodic-Other,CV/Nova,Periodic,Periodic
ZTF18aayesuf,RSCVn,CV/Nova,Periodic,Stochastic
ZTF18aayfael,YSO,YSO,Stochastic,Periodic
ZTF18aayfalw,EB/EW,EB/EW,Periodic,Periodic
ZTF18aayhexr,LPV,YSO,Periodic,Stochastic
ZTF18aayhhcu,CEP,CEP,Periodic,Periodic
ZTF18aayhjcf,LPV,YSO,Periodic,Stochastic
ZTF18aayhtpl,EA,EA,Periodic,Periodic
ZTF18aayhtxa,LPV,YSO,Periodic,Stochastic
ZTF18aaynofo,RSCVn,YSO,Periodic,Stochastic
ZTF18aaynxby,LPV,YSO,Periodic,Stochastic
ZTF18aayoeyq,LPV,YSO,Periodic,Stochastic
ZTF18aayotne,YSO,YSO,Stochastic,Stochastic
ZTF18aayoymb,LPV,YSO,Periodic,Periodic
ZTF18aayparv,LPV,YSO,Periodic,Stochastic
ZTF18aaypdtk,LPV,YSO,Periodic,Stochastic
ZTF18aayvaby,CV/Nova,CV/Nova,Periodic,Stochastic
ZTF18aaywfta,YSO,YSO,Periodic,Stochastic
ZTF18aaywgli,LPV,YSO,Periodic,Stochastic
ZTF18aaywiah,CV/Nova,CV/Nova,Periodic,Stochastic
ZTF18aayxhfd,CEP,CEP,Periodic,Periodic
ZTF18aayxptd,EB/EW,EB/EW,Periodic,Periodic
ZTF18aazavvp,EA,EA,Periodic,Periodic
ZTF18aazdmgo,LPV,YSO,Periodic,Stochastic
ZTF18aazemyo,EB/EW,EB/EW,Periodic,Periodic
ZTF18aazemzu,EB/EW,EB/EW,Periodic,Periodic
ZTF18aazfbmc,LPV,YSO,Periodic,Stochastic
ZTF18aazfisk,EA,YSO,Periodic,Periodic
ZTF18aazflph,YSO,YSO,Periodic,Stochastic
ZTF18aazgycc,Periodic-Other,CV/Nova,Periodic,Transient
ZTF18aazlraj,LPV,YSO,Periodic,Stochastic
ZTF18aazltrd,LPV,CV/Nova,Periodic,Periodic
ZTF18aazlura,YSO,YSO,Stochastic,Stochastic
ZTF18aazlusk,EA,EA,Periodic,Periodic
ZTF18aazlvwp,LPV,CV/Nova,Periodic,Stochastic
ZTF18aazmqdm,LPV,CV/Nova,Periodic,Stochastic
ZTF18aaznapv,EB/EW,EB/EW,Periodic,Periodic
ZTF18aaznena,RSCVn,Microlensing,Periodic,Stochastic
ZTF18aazteng,Periodic-Other,EB/EW,Periodic,Periodic
ZTF18aazvako,EB/EW,EB/EW,Periodic,Periodic
ZTF18aazwisc,LPV,YSO,Periodic,Stochastic
ZTF18aazwksi,EB/EW,EB/EW,Periodic,Periodic
ZTF18aazwmjh,EB/EW,RRLc,Periodic,Periodic
ZTF18abaalon,RSCVn,Microlensing,Periodic,Stochastic
ZTF18abablac,LPV,YSO,Periodic,Stochastic
ZTF18abacitv,RSCVn,YSO,Periodic,Stochastic
ZTF18abacmax,LPV,CV/Nova,Periodic,Stochastic
ZTF18abacqcw,YSO,YSO,Stochastic,Periodic
ZTF18abacuab,LPV,YSO,Periodic,Stochastic
ZTF18abacxvd,EB/EW,EB/EW,Periodic,Periodic
ZTF18abadjpz,Periodic-Other,CV/Nova,Periodic,Periodic
ZTF18abadktn,EA,EA,Periodic,Periodic
ZTF18abadmom,EA,EA,Periodic,Periodic
ZTF18abadtfz,RRLab,RRLab,Periodic,Periodic
ZTF18abadwot,EA,YSO,Periodic,Stochastic
ZTF18abadxwx,EB/EW,EB/EW,Periodic,Periodic
ZTF18abadzfp,YSO,CV/Nova,Periodic,Periodic
ZTF18abaehnw,LPV,YSO,Periodic,Stochastic
ZTF18abafdve,EA,EA,Periodic,Periodic
ZTF18abaiyuw,LPV,YSO,Periodic,Stochastic
ZTF18abajjdm,EA,EA,Periodic,Periodic
ZTF18abajlki,LPV,YSO,Periodic,Stochastic
ZTF18abakjxt,LPV,CV/Nova,Periodic,Stochastic
ZTF18abalaxy,Periodic-Other,Periodic-Other,Periodic,Periodic
ZTF18abapgwh,CEP,CEP,Periodic,Periodic
ZTF18abapkar,LPV,CV/Nova,Periodic,Stochastic
ZTF18abapzka,CEP,CV/Nova,Periodic,Stochastic
ZTF18abaqets,RRLab,RRLab,Periodic,Periodic
ZTF18abaqfuq,LPV,YSO,Periodic,Periodic
ZTF18abaqvnm,RSCVn,YSO,Periodic,Periodic
ZTF18abaqxyi,LPV,LPV,Periodic,Stochastic
ZTF18abardop,RSCVn,CEP,Periodic,Periodic
ZTF18abascyi,RSCVn,YSO,Periodic,Stochastic
ZTF18abasfph,EA,EA,Periodic,Periodic
ZTF18abashew,YSO,EA,Periodic,Periodic
ZTF18abashsp,RSCVn,Periodic-Other,Periodic,Periodic
ZTF18abaskvt,Periodic-Other,YSO,Periodic,Stochastic
ZTF18abastfv,LPV,CV/Nova,Periodic,Periodic
ZTF18abaszch,LPV,CV/Nova,Periodic,Stochastic
ZTF18abaxnis,CV/Nova,CV/Nova,Periodic,Stochastic
ZTF18abaylbz,LPV,YSO,Periodic,Stochastic
ZTF18abaytxh,CV/Nova,CV/Nova,Stochastic,Stochastic
ZTF18abazcbv,CV/Nova,CV/Nova,Transient,Transient
ZTF18abbbhxm,EA,CV/Nova,Periodic,Periodic
ZTF18abbcmxk,YSO,CV/Nova,Periodic,Stochastic
ZTF18abbcncx,RSCVn,YSO,Periodic,Stochastic
ZTF18abbddfe,LPV,YSO,Periodic,Stochastic
ZTF18abbdklp,CV/Nova,CV/Nova,Periodic,Stochastic
ZTF18abbdvpz,RRLab,RRLab,Periodic,Periodic
ZTF18abbdybk,CV/Nova,CV/Nova,Periodic,Stochastic
ZTF18abbeghf,Periodic-Other,CV/Nova,Periodic,Periodic
ZTF18abbeomx,YSO,CV/Nova,Periodic,Stochastic
ZTF18abbevxd,CV/Nova,CV/Nova,Periodic,Stochastic
ZTF18abbexzf,YSO,YSO,Periodic,Stochastic
ZTF18abbfizh,CV/Nova,CV/Nova,Periodic,Stochastic
ZTF18abbfjyk,CV/Nova,CV/Nova,Periodic,Stochastic
ZTF18abbfslt,EA,CV/Nova,Periodic,Stochastic
ZTF18abbgjqn,CV/Nova,CV/Nova,Periodic,Stochastic
ZTF18abbgmuv,Periodic-Other,Periodic-Other,Periodic,Periodic
ZTF18abbgvnt,Periodic-Other,CV/Nova,Periodic,Periodic
ZTF18abbhuod,CV/Nova,CV/Nova,Periodic,Stochastic
ZTF18abbiegu,CV/Nova,CV/Nova,Periodic,Periodic
ZTF18abbkles,LPV,YSO,Periodic,Stochastic
ZTF18abblvem,YSO,YSO,Periodic,Stochastic
ZTF18abblxcq,EB/EW,EB/EW,Periodic,Periodic
ZTF18abblzuw,EA,CV/Nova,Periodic,Stochastic
ZTF18abblzyk,Periodic-Other,CV/Nova,Periodic,Periodic
ZTF18abbmtfk,YSO,YSO,Periodic,Stochastic
ZTF18abbmzvp,RSCVn,RSCVn,Periodic,Stochastic
ZTF18abbnnem,YSO,YSO,Periodic,Stochastic
ZTF18abboawy,EA,CV/Nova,Periodic,Periodic
ZTF18abbogck,Periodic-Other,EB/EW,Periodic,Periodic
ZTF18abbrize,EA,EA,Periodic,Periodic
ZTF18abbrojj,LPV,YSO,Periodic,Stochastic
ZTF18abbrzxp,YSO,YSO,Periodic,Stochastic
ZTF18abbsqop,LPV,YSO,Periodic,Stochastic
ZTF18abbstgk,LPV,YSO,Periodic,Stochastic
ZTF18abbsxrb,CV/Nova,CV/Nova,Stochastic,Stochastic
ZTF18abbtsfz,EA,EA,Periodic,Periodic
ZTF18abbubwb,EA,EA,Periodic,Periodic
ZTF18abbumay,LPV,LPV,Periodic,Periodic
ZTF18abbuzjw,YSO,CV/Nova,Periodic,Stochastic
ZTF18abbvbze,CV/Nova,CV/Nova,Periodic,Stochastic
ZTF18abbvcgk,CV/Nova,CV/Nova,Stochastic,Stochastic
ZTF18abbvezl,LPV,YSO,Periodic,Stochastic
ZTF18abbwqbh,LPV,YSO,Periodic,Stochastic
ZTF18abbwqzw,YSO,YSO,Periodic,Periodic
ZTF18abbwwrb,LPV,CV/Nova,Periodic,Stochastic
ZTF18abbxldp,LPV,YSO,Periodic,Stochastic
ZTF18abbxrwd,EA,EB/EW,Periodic,Periodic
ZTF18abbxryd,LPV,YSO,Periodic,Periodic
ZTF18abbxzzn,EB/EW,EB/EW,Periodic,Periodic
ZTF18abbyjjw,YSO,YSO,Periodic,Stochastic
ZTF18abbypxa,Periodic-Other,Periodic-Other,Periodic,Periodic
ZTF18abbzipc,YSO,YSO,Periodic,Stochastic
ZTF18abcbjok,Periodic-Other,CV/Nova,Periodic,Periodic
ZTF18abcbkkp,Periodic-Other,CV/Nova,Periodic,Stochastic
ZTF18abcbtgp,RSCVn,CV/Nova,Periodic,Periodic
ZTF18abcclbw,YSO,YSO,Stochastic,Stochastic
ZTF18abccljy,YSO,YSO,Periodic,Stochastic
ZTF18abccnmh,EB/EW,EB/EW,Periodic,Periodic
ZTF18abccnun,LPV,YSO,Periodic,Periodic
ZTF18abccoel,Periodic-Other,Periodic-Other,Periodic,Periodic
ZTF18abccsib,CV/Nova,CV/Nova,Periodic,Periodic
ZTF18abccsvf,EB/EW,EB/EW,Periodic,Periodic
ZTF18abccthk,RSCVn,YSO,Periodic,Stochastic
ZTF18abcctnt,LPV,CV/Nova,Periodic,Periodic
ZTF18abcctug,EA,CV/Nova,Periodic,Periodic
ZTF18abccvls,YSO,YSO,Stochastic,Stochastic
ZTF18abcddla,RSCVn,CV/Nova,Periodic,Periodic
ZTF18abcdenm,YSO,YSO,Stochastic,Stochastic
ZTF18abcedhb,DSCT,DSCT,Periodic,Periodic
ZTF18abcgtlo,RSCVn,YSO,Periodic,Periodic
ZTF18abcgtxx,LPV,YSO,Periodic,Stochastic
ZTF18abcgxfu,YSO,CV/Nova,Periodic,Periodic
ZTF18abchiov,EA,EA,Periodic,Periodic
ZTF18abchjbw,Periodic-Other,Periodic-Other,Periodic,Periodic
ZTF18abchljm,EB/EW,EB/EW,Periodic,Periodic
ZTF18abchwks,EB/EW,EB/EW,Periodic,Periodic
ZTF18abcjgfy,RSCVn,YSO,Periodic,Stochastic
ZTF18abcjhhd,LPV,CV/Nova,Periodic,Stochastic
ZTF18abcjkum,EB/EW,EB/EW,Periodic,Periodic
ZTF18abcjlws,CV/Nova,CV/Nova,Periodic,Stochastic
ZTF18abcjnhc,EA,EA,Periodic,Periodic
ZTF18abcjwxg,EA,CV/Nova,Periodic,Stochastic
ZTF18abckahr,EA,EA,Periodic,Periodic
ZTF18abckkwt,CV/Nova,CV/Nova,Periodic,Stochastic
ZTF18abckocg,LPV,YSO,Periodic,Stochastic
ZTF18abckswc,LPV,YSO,Periodic,Stochastic
ZTF18abclkfb,RRLab,RRLab,Periodic,Periodic
ZTF18abcllya,RRLc,RRLc,Periodic,Periodic
ZTF18abcllzh,RRLab,RRLab,Periodic,Periodic
ZTF18abcmukp,LPV,CV/Nova,Periodic,Stochastic
ZTF18abcnlla,EB/EW,EB/EW,Periodic,Periodic
ZTF18abcocbc,LPV,YSO,Periodic,Stochastic
ZTF18abcocyj,LPV,YSO,Periodic,Stochastic
ZTF18abcoful,LPV,CV/Nova,Periodic,Stochastic
ZTF18abcoggz,CV/Nova,CV/Nova,Periodic,Stochastic
ZTF18abcohwm,LPV,YSO,Periodic,Stochastic
ZTF18abcothi,EB/EW,EB/EW,Periodic,Periodic
ZTF18abcoxmm,Periodic-Other,Periodic-Other,Periodic,Periodic
ZTF18abcozvu,EB/EW,EB/EW,Periodic,Periodic
ZTF18abcpbhr,CV/Nova,CV/Nova,Periodic,Periodic
ZTF18abcpfkm,RSCVn,CV/Nova,Periodic,Stochastic
ZTF18abcpopp,AGN,CV/Nova,Stochastic,Transient
ZTF18abcpvce,LPV,YSO,Periodic,Stochastic
ZTF18abcpvqk,LPV,CV/Nova,Periodic,Stochastic
ZTF18abcpwdz,LPV,LPV,Periodic,Periodic
ZTF18abcqmes,LPV,YSO,Periodic,Stochastic
ZTF18abcrbuv,RSCVn,CEP,Periodic,Periodic
ZTF18abcrddr,RSCVn,YSO,Periodic,Stochastic
ZTF18abcrhkd,RSCVn,EA,Periodic,Periodic
ZTF18abcrmpn,Periodic-Other,EB/EW,Periodic,Periodic
ZTF18abcrpvh,LPV,YSO,Periodic,Stochastic
ZTF18abcrpyk,EA,YSO,Periodic,Periodic
ZTF18abcscme,RRLab,RRLab,Periodic,Periodic
ZTF18abcswhi,LPV,YSO,Periodic,Stochastic
ZTF18abctaue,RRLab,RRLab,Periodic,Periodic
ZTF18abctayb,RRLab,RRLab,Periodic,Periodic
ZTF18abctcbv,Periodic-Other,Periodic-Other,Periodic,Periodic
ZTF18abctcop,Periodic-Other,EB/EW,Periodic,Periodic
ZTF18abcugzi,CV/Nova,CV/Nova,Periodic,Stochastic
ZTF18abcuvoo,EA,EA,Periodic,Periodic
ZTF18abcuygf,CV/Nova,CV/Nova,Periodic,Stochastic
ZTF18abcvhxx,EA,EA,Periodic,Periodic
ZTF18abcviio,CV/Nova,CV/Nova,Periodic,Stochastic
ZTF18abcvknm,YSO,YSO,Periodic,Stochastic
ZTF18abcvvpd,LPV,YSO,Periodic,Stochastic
ZTF18abcwcit,Periodic-Other,CV/Nova,Periodic,Periodic
ZTF18abcwyty,EB/EW,EB/EW,Periodic,Periodic
ZTF18abcxauc,EA,EA,Periodic,Periodic
ZTF18abcxbqs,EB/EW,EB/EW,Periodic,Periodic
ZTF18abcxffd,LPV,YSO,Periodic,Stochastic
ZTF18abcxgfh,RSCVn,YSO,Periodic,Stochastic
ZTF18abcxncl,LPV,YSO,Periodic,Stochastic
ZTF18abcxnde,LPV,YSO,Periodic,Stochastic
ZTF18abcxpoh,Periodic-Other,CV/Nova,Periodic,Periodic
ZTF18abcypku,YSO,CV/Nova,Periodic,Stochastic
ZTF18abcyyyv,EA,EA,Periodic,Periodic
ZTF18abdbjuf,LPV,CV/Nova,Periodic,Stochastic
ZTF18abddfoc,RSCVn,Microlensing,Periodic,Stochastic
ZTF18abddile,EA,EA,Periodic,Periodic
ZTF18abdeeqr,RSCVn,CV/Nova,Periodic,Periodic
ZTF18abdeevh,LPV,YSO,Periodic,Stochastic
ZTF18abdehgh,RSCVn,EA,Periodic,Periodic
ZTF18abdehsj,YSO,YSO,Periodic,Stochastic
ZTF18abdeibz,Periodic-Other,YSO,Periodic,Periodic
ZTF18abdeumm,LPV,LPV,Periodic,Periodic
ZTF18abdeunw,LPV,CV/Nova,Periodic,Periodic
ZTF18abdeyns,RSCVn,CV/Nova,Periodic,Periodic
ZTF18abdfkrt,CV/Nova,CV/Nova,Periodic,Stochastic
ZTF18abdfwoh,CV/Nova,CV/Nova,Periodic,Stochastic
ZTF18abdieoz,Blazar,Microlensing,Stochastic,Stochastic
ZTF18abdijvq,CEP,CEP,Periodic,Periodic
ZTF18abdjqfg,LPV,YSO,Periodic,Stochastic
ZTF18abdkchu,EA,YSO,Periodic,Periodic
ZTF18abdkcqy,YSO,YSO,Periodic,Periodic
ZTF18abdkszh,CV/Nova,CV/Nova,Periodic,Stochastic
ZTF18abdkvgr,RSCVn,YSO,Periodic,Stochastic
ZTF18abdkwtz,DSCT,DSCT,Periodic,Periodic
ZTF18abdlhce,RRLab,RRLab,Periodic,Periodic
ZTF18abdlhpp,LPV,YSO,Periodic,Stochastic
ZTF18abdlldy,LPV,YSO,Periodic,Stochastic
ZTF18abdlmad,LPV,CV/Nova,Periodic,Stochastic
ZTF18abdngap,RSCVn,Microlensing,Periodic,Periodic
ZTF18abdnjra,Periodic-Other,CV/Nova,Periodic,Periodic
ZTF18abdptjf,Periodic-Other,CV/Nova,Periodic,Stochastic
ZTF18abdpueb,YSO,CV/Nova,Stochastic,Stochastic
ZTF18abdpwbm,LPV,YSO,Periodic,Stochastic
ZTF18abdqbdo,EB/EW,EB/EW,Periodic,Periodic
ZTF18abdrrbk,LPV,YSO,Periodic,Stochastic
ZTF18abdsvnl,YSO,CV/Nova,Periodic,Stochastic
ZTF18abdsxkl,LPV,YSO,Periodic,Stochastic
ZTF18abdtcsm,LPV,YSO,Periodic,Stochastic
ZTF18abdtkfm,RSCVn,CV/Nova,Periodic,Stochastic
ZTF18abdtvgh,YSO,YSO,Periodic,Stochastic
ZTF18abdudub,RRLab,RRLab,Periodic,Periodic
ZTF18abdujvn,CV/Nova,CV/Nova,Stochastic,Stochastic
ZTF18abduzak,LPV,YSO,Periodic,Stochastic
ZTF18abdvffn,YSO,YSO,Periodic,Stochastic
ZTF18abdvrfi,YSO,YSO,Periodic,Periodic
ZTF18abdxels,LPV,CEP,Periodic,Periodic
ZTF18abdxkrz,LPV,YSO,Periodic,Stochastic
ZTF18abdxwqx,CV/Nova,CV/Nova,Periodic,Stochastic
ZTF18abdxxtu,LPV,CV/Nova,Periodic,Stochastic
ZTF18abdydnt,LPV,YSO,Periodic,Stochastic
ZTF18abeacuj,CV/Nova,CV/Nova,Periodic,Stochastic
ZTF18abeaxvo,LPV,YSO,Periodic,Stochastic
ZTF18abebhvf,Periodic-Other,CV/Nova,Periodic,Periodic
ZTF18abebjbz,LPV,YSO,Periodic,Stochastic
ZTF18abeboeg,LPV,YSO,Periodic,Stochastic
ZTF18abebxvv,LPV,YSO,Periodic,Stochastic
ZTF18abechfn,YSO,YSO,Periodic,Periodic
ZTF18abecjzi,LPV,CEP,Periodic,Periodic
ZTF18abeckvp,Periodic-Other,CV/Nova,Periodic,Periodic
ZTF18abecloj,LPV,YSO,Periodic,Stochastic
ZTF18abecnvj,LPV,YSO,Periodic,Stochastic
ZTF18abedeky,EB/EW,EB/EW,Periodic,Periodic
ZTF18abeeehj,LPV,YSO,Periodic,Stochastic
ZTF18abeesjy,LPV,YSO,Periodic,Stochastic
ZTF18abeflhc,RRLab,CEP,Periodic,Periodic
ZTF18abefzdu,LPV,YSO,Periodic,Stochastic
ZTF18abefzfs,LPV,CV/Nova,Periodic,Stochastic
ZTF18abefzqn,LPV,YSO,Periodic,Stochastic
ZTF18abegabc,LPV,YSO,Periodic,Stochastic
ZTF18abegcpe,LPV,YSO,Periodic,Stochastic
ZTF18abegdck,RSCVn,Microlensing,Periodic,Stochastic
ZTF18abegdzz,LPV,CV/Nova,Periodic,Stochastic
ZTF18abegeyw,LPV,LPV,Periodic,Periodic
ZTF18abegici,LPV,CV/Nova,Periodic,Stochastic
ZTF18abehirk,LPV,YSO,Periodic,Stochastic
ZTF18abehnbd,LPV,YSO,Periodic,Stochastic
ZTF18abehntd,YSO,CV/Nova,Stochastic,Stochastic
ZTF18abehwsz,EA,EA,Periodic,Periodic
ZTF18abeiaje,Periodic-Other,Periodic-Other,Periodic,Periodic
ZTF18abeidxq,Periodic-Other,CV/Nova,Periodic,Periodic
ZTF18abejaft,LPV,YSO,Periodic,Stochastic
ZTF18abekpbf,LPV,YSO,Periodic,Stochastic
ZTF18abekypc,LPV,LPV,Periodic,Stochastic
ZTF18abelhml,CV/Nova,CV/Nova,Periodic,Stochastic
ZTF18abeltch,LPV,YSO,Periodic,Stochastic
ZTF18abeofez,RSCVn,Microlensing,Periodic,Stochastic
ZTF18abeqzmz,CV/Nova,CV/Nova,Stochastic,Transient
ZTF18aberedl,YSO,YSO,Periodic,Stochastic
ZTF18aberjgc,LPV,YSO,Periodic,Stochastic
ZTF18aberjwz,EB/EW,EB/EW,Periodic,Periodic
ZTF18abesddc,LPV,YSO,Periodic,Periodic
ZTF18abespay,EB/EW,EB/EW,Periodic,Periodic
ZTF18abessip,EB/EW,EB/EW,Periodic,Periodic
ZTF18abetdej,CV/Nova,CV/Nova,Stochastic,Stochastic
ZTF18abetkmk,LPV,YSO,Periodic,Stochastic
ZTF18abewapr,LPV,YSO,Periodic,Stochastic
ZTF18abexyrz,RSCVn,YSO,Periodic,Stochastic
ZTF18abezlhg,LPV,YSO,Periodic,Stochastic
ZTF18abfbcvn,CV/Nova,CV/Nova,Periodic,Stochastic
ZTF18abfclgy,CV/Nova,CV/Nova,Periodic,Stochastic
ZTF18abfdtsw,Periodic-Other,CV/Nova,Periodic,Periodic
ZTF18abfffmy,CV/Nova,CV/Nova,Stochastic,Stochastic
ZTF18abffiur,YSO,CV/Nova,Stochastic,Stochastic
ZTF18abfgawx,CEP,CEP,Periodic,Periodic
ZTF18abfhsrm,YSO,Microlensing,Periodic,Stochastic
ZTF18abfkbvw,CV/Nova,CV/Nova,Stochastic,Stochastic
ZTF18abflrsq,EA,EA,Periodic,Periodic
ZTF18abftips,CV/Nova,CV/Nova,Periodic,Stochastic
ZTF18abftoeb,Periodic-Other,CV/Nova,Periodic,Periodic
ZTF18abftvzc,Periodic-Other,CV/Nova,Periodic,Periodic
ZTF18abfwnlz,YSO,YSO,Periodic,Periodic
ZTF18abgczpc,YSO,CV/Nova,Periodic,Stochastic
ZTF18abgdlmg,RRLab,RRLab,Periodic,Periodic
ZTF18abgdqat,LPV,YSO,Periodic,Stochastic
ZTF18abgdviy,EA,RRLc,Periodic,Periodic
ZTF18abgejey,RRLab,RRLab,Periodic,Periodic
ZTF18abggdhe,RSCVn,YSO,Periodic,Stochastic
ZTF18abggzhq,LPV,YSO,Periodic,Stochastic
ZTF18abgiofc,LPV,YSO,Periodic,Stochastic
ZTF18abgisqn,YSO,CV/Nova,Periodic,Stochastic
ZTF18abgiumr,LPV,LPV,Periodic,Periodic
ZTF18abgklnf,CV/Nova,CV/Nova,Periodic,Stochastic
ZTF18abgluar,Periodic-Other,CV/Nova,Periodic,Periodic
ZTF18abgqdvm,CV/Nova,CV/Nova,Periodic,Stochastic
ZTF18abgqvip,RSCVn,RSCVn,Periodic,Periodic
ZTF18abgrgcc,LPV,YSO,Periodic,Stochastic
ZTF18abgrtui,Periodic-Other,RRLc,Periodic,Periodic
ZTF18abgsjur,LPV,CV/Nova,Periodic,Stochastic
ZTF18abgsqrx,EB/EW,EB/EW,Periodic,Periodic
ZTF18abgvupc,YSO,CV/Nova,Periodic,Stochastic
ZTF18abgvyea,LPV,CV/Nova,Periodic,Stochastic
ZTF18abgwcgk,LPV,YSO,Periodic,Stochastic
ZTF18abgwpch,CV/Nova,CV/Nova,Periodic,Stochastic
ZTF18abgxedv,LPV,YSO,Periodic,Stochastic
ZTF18abgydyg,CV/Nova,CV/Nova,Periodic,Stochastic
ZTF18abgymwj,LPV,YSO,Periodic,Stochastic
ZTF18abgzaex,LPV,YSO,Periodic,Stochastic
ZTF18abgzsdh,RSCVn,CV/Nova,Periodic,Periodic
ZTF18abgzywo,YSO,YSO,Stochastic,Stochastic
ZTF18abhcbkz,LPV,YSO,Periodic,Stochastic
ZTF18abhckki,CV/Nova,CV/Nova,Stochastic,Stochastic
ZTF18abhcshr,LPV,YSO,Periodic,Stochastic
ZTF18abhehdd,LPV,YSO,Periodic,Stochastic
ZTF18abherhd,Periodic-Other,EB/EW,Periodic,Periodic
ZTF18abhfaep,LPV,YSO,Periodic,Stochastic
ZTF18abhfobc,LPV,LPV,Periodic,Periodic
ZTF18abhgqkj,QSO,CV/Nova,Stochastic,Stochastic
ZTF18abhicyv,Periodic-Other,Periodic-Other,Periodic,Periodic
ZTF18abhljus,CV/Nova,CV/Nova,Periodic,Stochastic
ZTF18abhntyh,LPV,YSO,Periodic,Stochastic
ZTF18abhowfc,LPV,YSO,Periodic,Stochastic
ZTF18abhozat,RRLab,RRLab,Periodic,Periodic
ZTF18abhqpxl,CV/Nova,CV/Nova,Periodic,Stochastic
ZTF18abhriiw,CV/Nova,CV/Nova,Periodic,Stochastic
ZTF18abhrimt,Periodic-Other,CV/Nova,Periodic,Stochastic
ZTF18abhsysa,Periodic-Other,CV/Nova,Periodic,Periodic
ZTF18abhszga,YSO,CV/Nova,Periodic,Stochastic
ZTF18abhszzs,Periodic-Other,CV/Nova,Periodic,Stochastic
ZTF18abhuxyz,CV/Nova,CV/Nova,Periodic,Stochastic
ZTF18abhwyvb,LPV,YSO,Periodic,Stochastic
ZTF18abhxilj,CV/Nova,CV/Nova,Periodic,Stochastic
ZTF18abhxirz,RSCVn,RSCVn,Periodic,Periodic
ZTF18abhycjc,Periodic-Other,CV/Nova,Periodic,Periodic
ZTF18abhzits,EA,Microlensing,Periodic,Stochastic
ZTF18abiabpm,Periodic-Other,CV/Nova,Periodic,Stochastic
ZTF18abiaflv,EA,CV/Nova,Periodic,Periodic
ZTF18abiaotp,Periodic-Other,CV/Nova,Periodic,Transient
ZTF18abidavq,YSO,YSO,Stochastic,Stochastic
ZTF18abidezf,Periodic-Other,CV/Nova,Periodic,Stochastic
ZTF18abidvnf,Periodic-Other,CV/Nova,Periodic,Transient
ZTF18abigaaz,CV/Nova,CV/Nova,Stochastic,Stochastic
ZTF18abigsml,RSCVn,CV/Nova,Periodic,Stochastic
ZTF18abiicnd,CV/Nova,CV/Nova,Periodic,Stochastic
ZTF18abiiefy,RSCVn,YSO,Periodic,Stochastic
ZTF18abiiprg,CV/Nova,CV/Nova,Periodic,Stochastic
ZTF18abiiprz,LPV,LPV,Periodic,Periodic
ZTF18abijsep,LPV,YSO,Periodic,Stochastic
ZTF18abijvvj,CEP,CEP,Periodic,Periodic
ZTF18abijwsk,CV/Nova,CV/Nova,Periodic,Stochastic
ZTF18abijxby,RSCVn,CV/Nova,Periodic,Stochastic
ZTF18abijzop,LPV,YSO,Periodic,Stochastic
ZTF18abikhel,RSCVn,YSO,Periodic,Periodic
ZTF18abikobp,LPV,YSO,Periodic,Periodic
ZTF18abikxzz,RSCVn,CV/Nova,Periodic,Periodic
ZTF18abiltdd,EA,CV/Nova,Periodic,Periodic
ZTF18abimdqp,CV/Nova,CV/Nova,Stochastic,Stochastic
ZTF18abioirm,CV/Nova,CV/Nova,Stochastic,Stochastic
ZTF18abioomp,LPV,YSO,Periodic,Stochastic
ZTF18abioqps,LPV,YSO,Periodic,Periodic
ZTF18abiowfo,CV/Nova,CV/Nova,Stochastic,Stochastic
ZTF18abipkvi,CV/Nova,CV/Nova,Periodic,Stochastic
ZTF18abirsoi,CV/Nova,CV/Nova,Periodic,Stochastic
ZTF18abiscxs,YSO,CV/Nova,Periodic,Stochastic
ZTF18abivshl,CV/Nova,CV/Nova,Periodic,Periodic
ZTF18abixhni,LPV,YSO,Periodic,Periodic
ZTF18abixzlg,EA,CV/Nova,Periodic,Stochastic
ZTF18abiycof,LPV,CV/Nova,Periodic,Stochastic
ZTF18abiydaj,LPV,YSO,Periodic,Periodic
ZTF18abiydjx,LPV,YSO,Periodic,Stochastic
ZTF18abiyjpa,RSCVn,RSCVn,Periodic,Periodic
ZTF18abiykmw,YSO,YSO,Periodic,Stochastic
ZTF18abiyxfu,Periodic-Other,RRLc,Periodic,Periodic
ZTF18abizmfg,CV/Nova,CV/Nova,Periodic,Stochastic
ZTF18abjahmq,LPV,YSO,Periodic,Stochastic
ZTF18abjbwxs,YSO,YSO,Periodic,Periodic
ZTF18abjcizc,CV/Nova,CV/Nova,Periodic,Transient
ZTF18abjcwvr,EA,YSO,Periodic,Stochastic
ZTF18abjfznn,YSO,YSO,Periodic,Stochastic
ZTF18abjgeht,EB/EW,EB/EW,Periodic,Periodic
ZTF18abjgwvk,YSO,CV/Nova,Periodic,Stochastic
ZTF18abjgycf,RRLc,RRLc,Periodic,Periodic
ZTF18abjhitd,CV/Nova,CV/Nova,Periodic,Stochastic
ZTF18abjhvqv,RSCVn,RSCVn,Periodic,Periodic
ZTF18abjhvws,CV/Nova,CV/Nova,Periodic,Stochastic
ZTF18abjkbbp,CV/Nova,CV/Nova,Periodic,Stochastic
ZTF18abjlrdk,LPV,CV/Nova,Periodic,Stochastic
ZTF18abjncpx,RSCVn,EA,Periodic,Periodic
ZTF18abjnvai,CV/Nova,CV/Nova,Periodic,Stochastic
ZTF18abjoawl,CV/Nova,CV/Nova,Periodic,Periodic
ZTF18abjobta,CV/Nova,CV/Nova,Periodic,Stochastic
ZTF18abjorwo,CV/Nova,CV/Nova,Stochastic,Stochastic
ZTF18abjpevs,RSCVn,YSO,Periodic,Stochastic
ZTF18abjplam,LPV,YSO,Periodic,Stochastic
ZTF18abjstbu,CV/Nova,CV/Nova,Periodic,Transient
ZTF18abjtfkm,Periodic-Other,Periodic-Other,Periodic,Periodic
ZTF18abjucdp,LPV,CV/Nova,Periodic,Periodic
ZTF18abjuohk,YSO,YSO,Periodic,Stochastic
ZTF18abjvept,CV/Nova,CV/Nova,Periodic,Stochastic
ZTF18abjxwfe,CV/Nova,CV/Nova,Periodic,Stochastic
ZTF18abjxzzl,LPV,LPV,Periodic,Stochastic
ZTF18abjzokr,CV/Nova,CV/Nova,Periodic,Stochastic
ZTF18abjzoyg,CV/Nova,CV/Nova,Periodic,Stochastic
ZTF18abkaeoq,CV/Nova,CV/Nova,Periodic,Stochastic
ZTF18abkbbsg,CV/Nova,CV/Nova,Periodic,Transient
ZTF18abkcsgm,Periodic-Other,CV/Nova,Periodic,Periodic
ZTF18abkcwky,YSO,CV/Nova,Stochastic,Transient
ZTF18abkcxum,YSO,CV/Nova,Periodic,Stochastic
ZTF18abkecii,CV/Nova,CV/Nova,Periodic,Stochastic
ZTF18abkeezy,RSCVn,RSCVn,Periodic,Periodic
ZTF18abkehbz,EA,CV/Nova,Periodic,Periodic
ZTF18abkeqky,EB/EW,EB/EW,Periodic,Periodic
ZTF18abkfecy,Periodic-Other,CV/Nova,Periodic,Periodic
ZTF18abkffko,Periodic-Other,CV/Nova,Periodic,Periodic
ZTF18abkfhvt,Periodic-Other,CV/Nova,Periodic,Periodic
ZTF18abkhxls,LPV,CV/Nova,Periodic,Stochastic
ZTF18abkittn,LPV,Microlensing,Periodic,Stochastic
ZTF18abkizbx,LPV,YSO,Periodic,Stochastic
ZTF18abkjbow,LPV,YSO,Periodic,Stochastic
ZTF18abkjcrg,LPV,YSO,Periodic,Stochastic
ZTF18abkjgcx,EB/EW,EB/EW,Periodic,Periodic
ZTF18abkjznm,RSCVn,YSO,Periodic,Periodic
ZTF18abkkwdh,CV/Nova,CV/Nova,Periodic,Periodic
ZTF18abkmice,LPV,CEP,Periodic,Periodic
ZTF18abkmwht,CV/Nova,CV/Nova,Periodic,Stochastic
ZTF18abkondj,CV/Nova,CV/Nova,Periodic,Transient
ZTF18abkoqkv,EA,EA,Periodic,Periodic
ZTF18abkowgs,Periodic-Other,CV/Nova,Periodic,Periodic
ZTF18abkqdou,CV/Nova,CV/Nova,Periodic,Transient
ZTF18abkqnsj,CV/Nova,CV/Nova,Periodic,Stochastic
ZTF18abkqudh,Periodic-Other,CV/Nova,Periodic,Periodic
ZTF18abkqwio,Periodic-Other,CV/Nova,Periodic,Periodic
ZTF18abkrhqz,Periodic-Other,CV/Nova,Periodic,Stochastic
ZTF18abkrjtn,CV/Nova,CV/Nova,Periodic,Stochastic
ZTF18abksfrw,Periodic-Other,CV/Nova,Periodic,Periodic
ZTF18abksfux,Periodic-Other,CV/Nova,Periodic,Periodic
ZTF18abksgrb,CV/Nova,CV/Nova,Stochastic,Stochastic
ZTF18abkubsq,RRLab,RRLab,Periodic,Periodic
ZTF18abkvdtz,Periodic-Other,CV/Nova,Periodic,Stochastic
ZTF18abkxdfb,RSCVn,YSO,Periodic,Periodic
ZTF18abkytzj,RRLab,CV/Nova,Periodic,Periodic
ZTF18ablbdfb,LPV,Microlensing,Periodic,Stochastic
ZTF18ablbqnx,CV/Nova,CV/Nova,Stochastic,Stochastic
ZTF18abldisj,Periodic-Other,CV/Nova,Periodic,Periodic
ZTF18abldpeh,Periodic-Other,CV/Nova,Periodic,Periodic
ZTF18ablehqo,Periodic-Other,CV/Nova,Periodic,Periodic
ZTF18ablersi,Periodic-Other,YSO,Periodic,Periodic
ZTF18ablezih,EA,EA,Periodic,Periodic
ZTF18ablfrgc,CV/Nova,CV/Nova,Periodic,Stochastic
ZTF18ablgfer,CV/Nova,CV/Nova,Periodic,Transient
ZTF18ablgofb,CV/Nova,CV/Nova,Periodic,Stochastic
ZTF18ablhouv,CV/Nova,CV/Nova,Periodic,Transient
ZTF18ablhqgx,RRLab,RRLab,Periodic,Periodic
ZTF18ablibbn,RSCVn,YSO,Periodic,Stochastic
ZTF18ablirum,RSCVn,CV/Nova,Periodic,Periodic
ZTF18ablklpc,CV/Nova,CV/Nova,Stochastic,Stochastic
ZTF18ablminm,YSO,YSO,Periodic,Periodic
ZTF18ablpewf,LPV,YSO,Periodic,Stochastic
ZTF18ablpeyt,YSO,YSO,Periodic,Stochastic
ZTF18ablpllj,YSO,YSO,Stochastic,Stochastic
ZTF18ablpoca,YSO,CV/Nova,Periodic,Stochastic
ZTF18ablpofv,LPV,YSO,Periodic,Stochastic
ZTF18ablpyzu,EB/EW,EB/EW,Periodic,Periodic
ZTF18ablqldy,LPV,CV/Nova,Periodic,Stochastic
ZTF18ablqphw,LPV,YSO,Periodic,Stochastic
ZTF18ablqzji,LPV,YSO,Periodic,Stochastic
ZTF18ablralc,LPV,YSO,Periodic,Stochastic
ZTF18ablrens,LPV,CV/Nova,Periodic,Stochastic
ZTF18ablrqty,EB/EW,RRLc,Periodic,Periodic
ZTF18ablruse,LPV,YSO,Periodic,Stochastic
ZTF18ablsdcw,LPV,CV/Nova,Periodic,Stochastic
ZTF18ablsduh,Periodic-Other,Periodic-Other,Periodic,Periodic
ZTF18abltkfl,YSO,YSO,Periodic,Stochastic
ZTF18ablupgb,YSO,YSO,Periodic,Periodic
ZTF18ablusut,CEP,CEP,Periodic,Periodic
ZTF18abluxof,EA,EA,Periodic,Periodic
ZTF18ablvpqv,LPV,Microlensing,Periodic,Stochastic
ZTF18ablvyof,YSO,YSO,Periodic,Stochastic
ZTF18ablvysg,YSO,YSO,Periodic,Stochastic
ZTF18ablvzrb,LPV,CV/Nova,Periodic,Periodic
ZTF18ablwrkt,LPV,YSO,Periodic,Stochastic
ZTF18ablwvzn,RSCVn,RSCVn,Periodic,Periodic
ZTF18ablwytq,LPV,CV/Nova,Periodic,Stochastic
ZTF18ablxbmn,LPV,CV/Nova,Periodic,Stochastic
ZTF18ablzeuc,EB/EW,EB/EW,Periodic,Periodic
ZTF18abmagnq,LPV,CV/Nova,Periodic,Stochastic
ZTF18abmahfz,LPV,CV/Nova,Periodic,Stochastic
ZTF18abmaihc,LPV,YSO,Periodic,Stochastic
ZTF18abmakoc,Periodic-Other,CV/Nova,Periodic,Periodic
ZTF18abmamgu,LPV,CV/Nova,Periodic,Periodic
ZTF18abmamox,RSCVn,CV/Nova,Periodic,Stochastic
ZTF18abmanun,Periodic-Other,EB/EW,Periodic,Periodic
ZTF18abmaopl,LPV,CV/Nova,Periodic,Stochastic
ZTF18abmaswr,RSCVn,YSO,Periodic,Stochastic
ZTF18abmauls,Periodic-Other,CV/Nova,Periodic,Stochastic
ZTF18abmazmr,LPV,YSO,Periodic,Periodic
ZTF18abmbabd,CV/Nova,CV/Nova,Periodic,Stochastic
ZTF18abmbdtd,LPV,CV/Nova,Periodic,Stochastic
ZTF18abmbmst,Periodic-Other,CV/Nova,Periodic,Stochastic
ZTF18abmcpek,LPV,YSO,Periodic,Stochastic
ZTF18abmcxlk,CV/Nova,CV/Nova,Periodic,Stochastic
ZTF18abmdmvx,CV/Nova,CV/Nova,Periodic,Stochastic
ZTF18abmecnz,LPV,YSO,Periodic,Periodic
ZTF18abmefmb,RSCVn,CV/Nova,Periodic,Stochastic
ZTF18abmegwx,RSCVn,YSO,Periodic,Stochastic
ZTF18abmetew,EA,EA,Periodic,Periodic
ZTF18abmexzq,EB/EW,EB/EW,Periodic,Periodic
ZTF18abmfapi,Periodic-Other,Periodic-Other,Periodic,Periodic
ZTF18abmfmjp,RRLc,RRLc,Periodic,Periodic
ZTF18abmfmms,EB/EW,EB/EW,Periodic,Periodic
ZTF18abmfoef,LPV,CV/Nova,Periodic,Stochastic
ZTF18abmfrzy,Periodic-Other,EB/EW,Periodic,Periodic
ZTF18abmfwbe,YSO,YSO,Periodic,Stochastic
ZTF18abmfwph,EB/EW,EB/EW,Periodic,Periodic
ZTF18abmfwvi,YSO,YSO,Periodic,Stochastic
ZTF18abmgcyu,LPV,YSO,Periodic,Periodic
ZTF18abmhfrj,LPV,YSO,Periodic,Stochastic
ZTF18abmiibq,YSO,CV/Nova,Periodic,Stochastic
ZTF18abmiqly,RRLc,RRLc,Periodic,Periodic
ZTF18abmjnuy,EA,YSO,Periodic,Periodic
ZTF18abmkeom,Periodic-Other,Periodic-Other,Periodic,Periodic
ZTF18abmlmon,RSCVn,YSO,Periodic,Periodic
ZTF18abmlxrm,Periodic-Other,Periodic-Other,Periodic,Periodic
ZTF18abmmruw,EB/EW,EB/EW,Periodic,Periodic
ZTF18abmnbqe,YSO,YSO,Periodic,Periodic
ZTF18abmnfpp,LPV,CV/Nova,Periodic,Stochastic
ZTF18abmnxsh,RSCVn,YSO,Periodic,Periodic
ZTF18abmolpg,Blazar,CV/Nova,Stochastic,Stochastic
ZTF18abmoxsk,RSCVn,YSO,Periodic,Stochastic
ZTF18abmoxzu,LPV,CV/Nova,Periodic,Stochastic
ZTF18abmpxeq,RSCVn,Microlensing,Periodic,Stochastic
ZTF18abmpzzc,CV/Nova,CV/Nova,Periodic,Stochastic
ZTF18abmqfxi,RSCVn,YSO,Periodic,Periodic
ZTF18abmqtam,CV/Nova,CV/Nova,Stochastic,Stochastic
ZTF18abmqvtt,LPV,LPV,Periodic,Periodic
ZTF18abmrfij,RSCVn,YSO,Periodic,Stochastic
ZTF18abmrsaw,LPV,CV/Nova,Periodic,Periodic
ZTF18abmsaty,EB/EW,EB/EW,Periodic,Periodic
ZTF18abmsnha,EB/EW,EB/EW,Periodic,Periodic
ZTF18abmsqnm,Blazar,YSO,Stochastic,Stochastic
ZTF18abmsqve,LPV,LPV,Periodic,Periodic
ZTF18abmtroj,CV/Nova,CV/Nova,Periodic,Stochastic
ZTF18abmvkls,DSCT,CV/Nova,Periodic,Periodic
ZTF18abmvwrx,LPV,CEP,Periodic,Periodic
ZTF18abmvwsu,LPV,YSO,Periodic,Periodic
ZTF18abmwpps,CV/Nova,CV/Nova,Periodic,Stochastic
ZTF18abmwpqg,EB/EW,EB/EW,Periodic,Periodic
ZTF18abmwrbf,EB/EW,EB/EW,Periodic,Periodic
ZTF18abmwsxz,RSCVn,CV/Nova,Periodic,Stochastic
ZTF18abmwtot,RSCVn,YSO,Periodic,Stochastic
ZTF18abnajyt,RSCVn,YSO,Periodic,Stochastic
ZTF18abnblfl,EB/EW,EB/EW,Periodic,Periodic
ZTF18abncpph,EB/EW,EB/EW,Periodic,Periodic
ZTF18abndtiq,LPV,LPV,Periodic,Stochastic
ZTF18abndulb,LPV,YSO,Periodic,Stochastic
ZTF18abndwdb,LPV,YSO,Periodic,Stochastic
ZTF18abnicdz,LPV,YSO,Periodic,Stochastic
ZTF18abnieht,LPV,YSO,Periodic,Stochastic
ZTF18abnimzh,RSCVn,YSO,Periodic,Stochastic
ZTF18abnirwy,LPV,YSO,Periodic,Stochastic
ZTF18abnkapf,LPV,YSO,Periodic,Stochastic
ZTF18abnksxn,RSCVn,EA,Periodic,Periodic
ZTF18abnksyb,LPV,YSO,Periodic,Periodic
ZTF18abnlrvl,YSO,YSO,Periodic,Stochastic
ZTF18abnlzfz,CEP,YSO,Periodic,Stochastic
ZTF18abnmyeu,CV/Nova,CV/Nova,Periodic,Stochastic
ZTF18abnnzni,EB/EW,EB/EW,Periodic,Periodic
ZTF18abnoinc,CV/Nova,CV/Nova,Periodic,Stochastic
ZTF18abnokla,EB/EW,RRLc,Periodic,Periodic
ZTF18abnoqqz,LPV,YSO,Periodic,Stochastic
ZTF18abnovqd,LPV,YSO,Periodic,Stochastic
ZTF18abnpamr,EB/EW,EB/EW,Periodic,Periodic
ZTF18abnpbua,LPV,YSO,Periodic,Periodic
ZTF18abnpgxc,RSCVn,YSO,Periodic,Periodic
ZTF18abnpidi,LPV,CV/Nova,Periodic,Stochastic
ZTF18abnpmzi,Periodic-Other,EB/EW,Periodic,Periodic
ZTF18abnpoyw,DSCT,DSCT,Periodic,Periodic
ZTF18abnqfey,RSCVn,Microlensing,Periodic,Stochastic
ZTF18abnqzlo,RSCVn,YSO,Periodic,Stochastic
ZTF18abnsaci,CEP,YSO,Periodic,Stochastic
ZTF18abntrqi,YSO,YSO,Stochastic,Stochastic
ZTF18abntyur,LPV,CV/Nova,Periodic,Stochastic
ZTF18abntzxw,LPV,LPV,Periodic,Periodic
ZTF18abnuccx,LPV,CV/Nova,Periodic,Stochastic
ZTF18abnuetr,RRLab,RRLab,Periodic,Periodic
ZTF18abnvugn,LPV,CV/Nova,Periodic,Stochastic
ZTF18abnxsci,Periodic-Other,CV/Nova,Periodic,Periodic
ZTF18abnyhuo,Periodic-Other,EB/EW,Periodic,Periodic
ZTF18abnylax,RSCVn,Microlensing,Periodic,Stochastic
ZTF18abnzgpw,YSO,CV/Nova,Stochastic,Stochastic
ZTF18abnzszm,EA,EA,Periodic,Periodic
ZTF18abobpvj,RRLc,RRLc,Periodic,Periodic
ZTF18abobzdg,Periodic-Other,CV/Nova,Periodic,Stochastic
ZTF18abocruw,Periodic-Other,CV/Nova,Periodic,Periodic
ZTF18abodsqs,LPV,YSO,Periodic,Stochastic
ZTF18aboedfu,CV/Nova,CV/Nova,Periodic,Stochastic
ZTF18aboegri,Periodic-Other,CV/Nova,Periodic,Stochastic
ZTF18aboejtq,RSCVn,CEP,Periodic,Periodic
ZTF18aboetiz,LPV,YSO,Periodic,Stochastic
ZTF18aboevsw,LPV,YSO,Periodic,Stochastic
ZTF18aboewhj,LPV,YSO,Periodic,Stochastic
ZTF18aboezbn,RSCVn,YSO,Periodic,Stochastic
ZTF18abojubt,RSCVn,Microlensing,Periodic,Stochastic
ZTF18abojvri,RRLab,CV/Nova,Periodic,Periodic
ZTF18abonesx,CV/Nova,CV/Nova,Periodic,Stochastic
ZTF18abonosm,Periodic-Other,RRLc,Periodic,Periodic
ZTF18abooigv,RSCVn,Microlensing,Periodic,Stochastic
ZTF18aboqguv,RRLab,RRLab,Periodic,Periodic
ZTF18aborewf,EB/EW,EB/EW,Periodic,Periodic
ZTF18abosuuh,EA,EA,Periodic,Periodic
ZTF18abotuab,RSCVn,YSO,Periodic,Stochastic
ZTF18aboudmu,YSO,YSO,Periodic,Stochastic
ZTF18aboueko,CEP,YSO,Periodic,Periodic
ZTF18abousqa,CEP,YSO,Periodic,Stochastic
ZTF18abowhdh,LPV,YSO,Periodic,Stochastic
ZTF18abowpgu,LPV,YSO,Periodic,Stochastic
ZTF18aboxdwx,YSO,YSO,Periodic,Stochastic
ZTF18aboxrmd,CV/Nova,CV/Nova,Stochastic,Stochastic
ZTF18aboxrxq,CV/Nova,CV/Nova,Periodic,Stochastic
ZTF18abozgam,LPV,CEP,Periodic,Periodic
ZTF18abozggt,CV/Nova,CV/Nova,Periodic,Stochastic
ZTF18abpaycz,LPV,YSO,Periodic,Stochastic
ZTF18abpbcnw,LPV,YSO,Periodic,Periodic
ZTF18abpcbhq,LPV,YSO,Periodic,Stochastic
ZTF18abpccpw,LPV,CV/Nova,Periodic,Stochastic
ZTF18abpekqx,LPV,YSO,Periodic,Stochastic
ZTF18abpemar,CV/Nova,CV/Nova,Stochastic,Stochastic
ZTF18abpfefx,LPV,YSO,Periodic,Stochastic
ZTF18abpfgsr,LPV,CV/Nova,Periodic,Stochastic
ZTF18abpflih,LPV,YSO,Periodic,Periodic
ZTF18abpghro,LPV,YSO,Periodic,Stochastic
ZTF18abpgthi,Periodic-Other,RRLc,Periodic,Periodic
ZTF18abphors,EB/EW,EB/EW,Periodic,Periodic
ZTF18abpiltn,LPV,CV/Nova,Periodic,Stochastic
ZTF18abplgeb,YSO,CV/Nova,Stochastic,Stochastic
ZTF18abpmwuw,LPV,YSO,Periodic,Stochastic
ZTF18abpnzgd,RRLab,RRLab,Periodic,Periodic
ZTF18abpocvc,RSCVn,CV/Nova,Periodic,Periodic
ZTF18abpoeaa,CV/Nova,CV/Nova,Periodic,Stochastic
ZTF18abppewc,RSCVn,CV/Nova,Periodic,Stochastic
ZTF18abpphfa,Periodic-Other,RRLc,Periodic,Periodic
ZTF18abppune,LPV,YSO,Periodic,Stochastic
ZTF18abpqdog,LPV,YSO,Periodic,Stochastic
ZTF18abpqgtp,CV/Nova,CV/Nova,Stochastic,Stochastic
ZTF18abprbcq,CEP,CV/Nova,Periodic,Periodic
ZTF18abptnkb,LPV,CV/Nova,Periodic,Stochastic
ZTF18abpvgrm,RSCVn,CV/Nova,Periodic,Periodic
ZTF18abpvsuv,Periodic-Other,CV/Nova,Periodic,Periodic
ZTF18abpwyhz,Periodic-Other,CV/Nova,Periodic,Periodic
ZTF18abpxhnn,Periodic-Other,CV/Nova,Periodic,Periodic
ZTF18abpxmvk,CV/Nova,CV/Nova,Periodic,Stochastic
ZTF18abpytuz,CV/Nova,CV/Nova,Periodic,Transient
ZTF18abqaazx,Periodic-Other,Periodic-Other,Periodic,Periodic
ZTF18abqbzxx,EA,YSO,Periodic,Stochastic
ZTF18abqckmo,Periodic-Other,EB/EW,Periodic,Periodic
ZTF18abqcmyd,LPV,YSO,Periodic,Stochastic
ZTF18abqcnyb,LPV,YSO,Periodic,Stochastic
ZTF18abqcowz,YSO,YSO,Periodic,Stochastic
ZTF18abqcujj,RSCVn,YSO,Periodic,Stochastic
ZTF18abqcusv,RSCVn,CV/Nova,Periodic,Periodic
ZTF18abqczyj,LPV,YSO,Periodic,Stochastic
ZTF18abqdbnc,CV/Nova,CV/Nova,Stochastic,Stochastic
ZTF18abqdgar,CV/Nova,CV/Nova,Periodic,Stochastic
ZTF18abqdrlw,CV/Nova,CV/Nova,Periodic,Stochastic
ZTF18abqdrmk,Periodic-Other,CV/Nova,Periodic,Periodic
ZTF18abqeiko,Periodic-Other,Periodic-Other,Periodic,Periodic
ZTF18abqemkw,LPV,YSO,Periodic,Stochastic
ZTF18abqengt,LPV,YSO,Periodic,Stochastic
ZTF18abqesgu,LPV,YSO,Periodic,Stochastic
ZTF18abqfrly,LPV,YSO,Periodic,Stochastic
ZTF18abqhmpy,EB/EW,EB/EW,Periodic,Periodic
ZTF18abqiosi,LPV,YSO,Periodic,Stochastic
ZTF18abqlplf,LPV,YSO,Periodic,Periodic
ZTF18abqlulq,CV/Nova,CV/Nova,Periodic,Stochastic
ZTF18abqmcxo,CV/Nova,CV/Nova,Periodic,Stochastic
ZTF18abqnipl,Periodic-Other,CV/Nova,Periodic,Periodic
ZTF18abqodbj,YSO,YSO,Periodic,Stochastic
ZTF18abqvsjn,Periodic-Other,CV/Nova,Periodic,Periodic
ZTF18abrfwun,EA,YSO,Periodic,Stochastic
ZTF18abrjhor,YSO,CV/Nova,Periodic,Stochastic
ZTF18abrkfjy,Periodic-Other,CV/Nova,Periodic,Stochastic
ZTF18abrldcb,LPV,YSO,Periodic,Stochastic
ZTF18abrlugg,CV/Nova,CV/Nova,Stochastic,Stochastic
ZTF18abrmlfv,YSO,YSO,Periodic,Stochastic
ZTF18abrnkhl,LPV,CV/Nova,Periodic,Stochastic
ZTF18abrnmji,LPV,YSO,Periodic,Stochastic
ZTF18abrolhr,CV/Nova,CV/Nova,Periodic,Transient
ZTF18abrpeiq,CV/Nova,CV/Nova,Stochastic,Stochastic
ZTF18abrrmgn,LPV,CV/Nova,Periodic,Stochastic
ZTF18abrrpom,EB/EW,EB/EW,Periodic,Periodic
ZTF18abrrqmz,LPV,YSO,Periodic,Stochastic
ZTF18abrsdru,LPV,YSO,Periodic,Stochastic
ZTF18abrsthp,LPV,CV/Nova,Periodic,Stochastic
ZTF18abrsuet,LPV,YSO,Periodic,Stochastic
ZTF18abrtiuf,LPV,CV/Nova,Periodic,Stochastic
ZTF18abrwyyv,CEP,YSO,Periodic,Stochastic
ZTF18abrxhgz,EB/EW,EB/EW,Periodic,Periodic
ZTF18abrxlnl,RSCVn,YSO,Periodic,Stochastic
ZTF18abrxlxj,RSCVn,YSO,Periodic,Periodic
ZTF18abrzhfm,EB/EW,EB/EW,Periodic,Periodic
ZTF18abrzkwt,CV/Nova,CV/Nova,Periodic,Stochastic
ZTF18absafws,RSCVn,CEP,Periodic,Periodic
ZTF18absarjn,RSCVn,YSO,Periodic,Stochastic
ZTF18absazzr,YSO,YSO,Periodic,Stochastic
ZTF18abscixq,RSCVn,CV/Nova,Periodic,Stochastic
ZTF18absffcr,CV/Nova,CV/Nova,Periodic,Stochastic
ZTF18absfhvn,CV/Nova,CV/Nova,Periodic,Stochastic
ZTF18absgdtg,Periodic-Other,CV/Nova,Periodic,Periodic
ZTF18absggpj,LPV,YSO,Periodic,Stochastic
ZTF18absghpm,RRLc,RRLc,Periodic,Periodic
ZTF18absgikz,RRLab,RRLab,Periodic,Periodic
ZTF18abshxjh,CV/Nova,CV/Nova,Periodic,Stochastic
ZTF18absicoo,Periodic-Other,CV/Nova,Periodic,Periodic
ZTF18absidem,LPV,YSO,Periodic,Stochastic
ZTF18absidjj,LPV,YSO,Periodic,Stochastic
ZTF18absiell,LPV,YSO,Periodic,Stochastic
ZTF18absixcd,RSCVn,Microlensing,Periodic,Stochastic
ZTF18absizui,YSO,YSO,Periodic,Stochastic
ZTF18absjist,CV/Nova,CV/Nova,Periodic,Transient
ZTF18absklfn,EB/EW,EB/EW,Periodic,Periodic
ZTF18absknag,YSO,YSO,Periodic,Stochastic
ZTF18abskqzh,CV/Nova,CV/Nova,Periodic,Stochastic
ZTF18abslrtl,Periodic-Other,CV/Nova,Periodic,Periodic
ZTF18abslwbc,LPV,YSO,Periodic,Stochastic
ZTF18absmcvi,LPV,YSO,Periodic,Stochastic
ZTF18absmfqm,LPV,YSO,Periodic,Periodic
ZTF18absmpdh,RSCVn,YSO,Periodic,Periodic
ZTF18absnvyv,Periodic-Other,EB/EW,Periodic,Periodic
ZTF18absosjp,CV/Nova,CV/Nova,Periodic,Stochastic
ZTF18absoulf,EB/EW,Microlensing,Periodic,Periodic
ZTF18absoxxv,LPV,YSO,Periodic,Stochastic
ZTF18absqtel,RSCVn,Microlensing,Periodic,Stochastic
ZTF18absqwvo,RRLab,RRLab,Periodic,Periodic
ZTF18absraic,LPV,LPV,Periodic,Stochastic
ZTF18absrhdb,LPV,YSO,Periodic,Stochastic
ZTF18absrhxm,LPV,YSO,Periodic,Stochastic
ZTF18absrqjq,YSO,YSO,Stochastic,Stochastic
ZTF18absrtql,LPV,YSO,Periodic,Stochastic
ZTF18absrxrx,LPV,CV/Nova,Periodic,Stochastic
ZTF18absseua,LPV,YSO,Periodic,Stochastic
ZTF18abstrie,RSCVn,YSO,Periodic,Periodic
ZTF18abstydc,LPV,CV/Nova,Periodic,Stochastic
ZTF18absunxc,RSCVn,YSO,Periodic,Stochastic
ZTF18absuomb,Periodic-Other,EB/EW,Periodic,Periodic
ZTF18absupyx,CEP,CEP,Periodic,Periodic
ZTF18absuqul,RRLab,RRLab,Periodic,Periodic
ZTF18absuspn,CV/Nova,CV/Nova,Periodic,Stochastic
ZTF18absutfz,RRLab,RRLab,Periodic,Periodic
ZTF18absveut,Periodic-Other,Periodic-Other,Periodic,Periodic
ZTF18absvfoh,YSO,CV/Nova,Periodic,Stochastic
ZTF18absvoxe,LPV,CV/Nova,Periodic,Periodic
ZTF18absvxqc,Periodic-Other,CV/Nova,Periodic,Periodic
ZTF18absxzxc,CEP,CV/Nova,Periodic,Periodic
ZTF18absyxby,LPV,CV/Nova,Periodic,Stochastic
ZTF18abtblyw,RSCVn,CV/Nova,Periodic,Stochastic
ZTF18abtdrkj,Periodic-Other,CV/Nova,Periodic,Periodic
ZTF18abtdywf,CV/Nova,CV/Nova,Periodic,Stochastic
ZTF18abtgsen,RRLc,RRLc,Periodic,Periodic
ZTF18abtgvwk,Periodic-Other,YSO,Periodic,Periodic
ZTF18abtgyjt,EB/EW,EB/EW,Periodic,Periodic
ZTF18abtgzdh,Periodic-Other,EB/EW,Periodic,Periodic
ZTF18abthfej,LPV,YSO,Periodic,Stochastic
ZTF18abthsev,YSO,CV/Nova,Stochastic,Stochastic
ZTF18abtinfv,RSCVn,CV/Nova,Periodic,Stochastic
ZTF18abtinoi,CV/Nova,CV/Nova,Periodic,Stochastic
ZTF18abtipcf,LPV,CV/Nova,Periodic,Stochastic
ZTF18abtivcs,RSCVn,YSO,Periodic,Periodic
ZTF18abtiwhz,CV/Nova,CV/Nova,Periodic,Stochastic
ZTF18abtjkga,RRLab,RRLab,Periodic,Periodic
ZTF18abtjkhk,LPV,CV/Nova,Periodic,Stochastic
ZTF18abtjlcn,Periodic-Other,DSCT,Periodic,Periodic
ZTF18abtmicc,CV/Nova,CV/Nova,Periodic,Stochastic
ZTF18abtmijd,Periodic-Other,RRLc,Periodic,Periodic
ZTF18abtmrls,LPV,YSO,Periodic,Periodic
ZTF18abtmzpd,LPV,YSO,Periodic,Stochastic
ZTF18abtnhhl,EA,YSO,Periodic,Stochastic
ZTF18abtntyr,CV/Nova,CV/Nova,Periodic,Stochastic
ZTF18abtnwho,RSCVn,YSO,Periodic,Stochastic
ZTF18abtoius,CV/Nova,CV/Nova,Periodic,Stochastic
ZTF18abtorgc,RSCVn,YSO,Periodic,Stochastic
ZTF18abtovjs,LPV,CV/Nova,Periodic,Periodic
ZTF18abtpioz,CV/Nova,CV/Nova,Periodic,Stochastic
ZTF18abtpqel,Periodic-Other,CV/Nova,Periodic,Periodic
ZTF18abtpzwz,EB/EW,YSO,Periodic,Periodic
ZTF18abtsbgn,EB/EW,EB/EW,Periodic,Periodic
ZTF18abtsspt,EA,EA,Periodic,Periodic
ZTF18abttjwy,EB/EW,EB/EW,Periodic,Periodic
ZTF18abturzd,CV/Nova,CV/Nova,Periodic,Stochastic
ZTF18abtutpf,YSO,CV/Nova,Periodic,Stochastic
ZTF18abtvgxq,Periodic-Other,Periodic-Other,Periodic,Periodic
ZTF18abtviqc,Periodic-Other,EB/EW,Periodic,Periodic
ZTF18abtvrml,EA,CV/Nova,Periodic,Stochastic
ZTF18abtyrpf,EA,EA,Periodic,Periodic
ZTF18abtzfjg,CV/Nova,CV/Nova,Stochastic,Stochastic
ZTF18abtzxtj,YSO,YSO,Periodic,Stochastic
ZTF18abuacwn,RSCVn,CEP,Periodic,Periodic
ZTF18abuaozw,EA,YSO,Periodic,Periodic
ZTF18abubmwz,LPV,YSO,Periodic,Periodic
ZTF18abubqjg,RSCVn,YSO,Periodic,Stochastic
ZTF18abucbag,RRLab,RRLab,Periodic,Periodic
ZTF18abucduo,LPV,YSO,Periodic,Stochastic
ZTF18abuczua,EA,EA,Periodic,Stochastic
ZTF18abudklf,LPV,YSO,Periodic,Stochastic
ZTF18abuffyc,CV/Nova,CV/Nova,Periodic,Stochastic
ZTF18abufuze,EA,EA,Periodic,Periodic
ZTF18abufzkh,Periodic-Other,CV/Nova,Periodic,Periodic
ZTF18abugfro,Periodic-Other,CV/Nova,Periodic,Stochastic
ZTF18abugnwc,RSCVn,YSO,Periodic,Stochastic
ZTF18abugqsy,CV/Nova,CV/Nova,Periodic,Stochastic
ZTF18abuhpon,CV/Nova,CV/Nova,Periodic,Stochastic
ZTF18abuivxk,YSO,CV/Nova,Periodic,Stochastic
ZTF18abuiweb,YSO,CV/Nova,Stochastic,Stochastic
ZTF18abuiypk,DSCT,CV/Nova,Periodic,Periodic
ZTF18abujwfu,YSO,CV/Nova,Stochastic,Stochastic
ZTF18abukrla,EA,YSO,Periodic,Stochastic
ZTF18abukrox,LPV,CV/Nova,Periodic,Stochastic
ZTF18abuksdl,RSCVn,CV/Nova,Periodic,Periodic
ZTF18abuktbl,Periodic-Other,Periodic-Other,Periodic,Periodic
ZTF18abuktjy,DSCT,DSCT,Periodic,Periodic
ZTF18abukumk,RSCVn,RSCVn,Periodic,Stochastic
ZTF18abukwdq,Periodic-Other,CV/Nova,Periodic,Periodic
ZTF18abumonn,Periodic-Other,DSCT,Periodic,Periodic
ZTF18abuonna,RSCVn,Microlensing,Periodic,Stochastic
ZTF18abupozi,Periodic-Other,Periodic-Other,Periodic,Periodic
ZTF18abuqyhz,Periodic-Other,EB/EW,Periodic,Periodic
ZTF18aburycq,Periodic-Other,CV/Nova,Periodic,Periodic
ZTF18aburzmz,LPV,YSO,Periodic,Stochastic
ZTF18abusrxn,RRLab,RRLab,Periodic,Periodic
ZTF18abusydc,CV/Nova,CV/Nova,Periodic,Stochastic
ZTF18abusyfo,RRLab,RRLab,Periodic,Periodic
ZTF18abusyun,QSO,CV/Nova,Stochastic,Stochastic
ZTF18abutaxf,RSCVn,Microlensing,Periodic,Stochastic
ZTF18abutcoq,RSCVn,YSO,Periodic,Stochastic
ZTF18abutszx,YSO,YSO,Stochastic,Stochastic
ZTF18abutxac,RSCVn,YSO,Periodic,Stochastic
ZTF18abuvkib,CV/Nova,CV/Nova,Periodic,Stochastic
ZTF18abuvmcc,Periodic-Other,EB/EW,Periodic,Periodic
ZTF18abuwpom,EA,YSO,Periodic,Stochastic
ZTF18abuxovp,LPV,YSO,Periodic,Stochastic
ZTF18abuyndg,LPV,YSO,Periodic,Periodic
ZTF18abuysas,LPV,CV/Nova,Periodic,Stochastic
ZTF18abuznvd,LPV,CV/Nova,Periodic,Stochastic
ZTF18abvcemy,YSO,CV/Nova,Periodic,Stochastic
ZTF18abvemti,Periodic-Other,CV/Nova,Periodic,Periodic
ZTF18abvexqt,RSCVn,YSO,Periodic,Stochastic
ZTF18abvfiqz,EB/EW,EB/EW,Periodic,Periodic
ZTF18abvfqhg,AGN,CV/Nova,Stochastic,Stochastic
ZTF18abvfqme,RSCVn,CV/Nova,Periodic,Stochastic
ZTF18abvgbsh,Periodic-Other,Periodic-Other,Periodic,Periodic
ZTF18abvgrnm,LPV,YSO,Periodic,Stochastic
ZTF18abvgwvy,LPV,YSO,Periodic,Stochastic
ZTF18abvhljl,Periodic-Other,CV/Nova,Periodic,Periodic
ZTF18abvhmhs,Periodic-Other,YSO,Periodic,Periodic
ZTF18abvhuea,YSO,YSO,Stochastic,Stochastic
ZTF18abviaao,YSO,CV/Nova,Stochastic,Stochastic
ZTF18abvicio,YSO,CV/Nova,Periodic,Periodic
ZTF18abvicmr,CV/Nova,CV/Nova,Periodic,Stochastic
ZTF18abviwvc,EB/EW,EB/EW,Periodic,Periodic
ZTF18abvkaot,EA,YSO,Periodic,Stochastic
ZTF18abvktsi,RSCVn,YSO,Periodic,Stochastic
ZTF18abvmfzo,Periodic-Other,Periodic-Other,Periodic,Periodic
ZTF18abvmxtx,RSCVn,YSO,Periodic,Stochastic
ZTF18abvnxlm,LPV,YSO,Periodic,Periodic
ZTF18abvojbq,YSO,CV/Nova,Periodic,Stochastic
ZTF18abvpfns,Periodic-Other,YSO,Periodic,Stochastic
ZTF18abvpjoo,RSCVn,YSO,Periodic,Stochastic
ZTF18abvsuho,CV/Nova,CV/Nova,Periodic,Stochastic
ZTF18abvujvz,CV/Nova,CV/Nova,Periodic,Stochastic
ZTF18abvwdih,RRLab,CV/Nova,Periodic,Periodic
ZTF18abvxvnq,RSCVn,CV/Nova,Periodic,Periodic
ZTF18abvxyid,LPV,YSO,Periodic,Stochastic
ZTF18abvyqnc,RSCVn,RSCVn,Periodic,Stochastic
ZTF18abwbgkr,CV/Nova,CV/Nova,Periodic,Stochastic
ZTF18abwebnt,Periodic-Other,CV/Nova,Periodic,Stochastic
ZTF18abwejod,Microlensing,Microlensing,Periodic,Stochastic
ZTF18abwejqn,RSCVn,EA,Periodic,Periodic
ZTF18abwfmfl,RRLc,RRLc,Periodic,Periodic
ZTF18abwhafi,CEP,CV/Nova,Periodic,Stochastic
ZTF18abwibmr,EB/EW,EB/EW,Periodic,Periodic
ZTF18abwiccf,EA,YSO,Periodic,Stochastic
ZTF18abwkwdb,RSCVn,YSO,Periodic,Periodic
ZTF18abwlgit,RRLab,RRLab,Periodic,Periodic
ZTF18abwmwye,RRLc,RRLc,Periodic,Periodic
ZTF18abwnwhu,EA,EA,Periodic,Periodic
ZTF18abwokah,CV/Nova,CV/Nova,Periodic,Stochastic
ZTF18abwopte,LPV,YSO,Periodic,Stochastic
ZTF18abwqbzb,AGN,SNIIn,Stochastic,Transient
ZTF18abwrrqm,YSO,CV/Nova,Stochastic,Transient
ZTF18abwshcv,CEP,CEP,Periodic,Periodic
ZTF18abwsmke,LPV,YSO,Periodic,Stochastic
ZTF18abwtjme,CV/Nova,CV/Nova,Periodic,Stochastic
ZTF18abwwkpj,RSCVn,YSO,Periodic,Stochastic
ZTF18abwwmop,EB/EW,EB/EW,Periodic,Periodic
ZTF18abxacll,RSCVn,YSO,Periodic,Stochastic
ZTF18abxaysh,EA,YSO,Periodic,Stochastic
ZTF18abxbdqj,RSCVn,YSO,Periodic,Stochastic
ZTF18abxebnm,RSCVn,CV/Nova,Periodic,Stochastic
ZTF18abxgunw,EB/EW,EB/EW,Periodic,Periodic
ZTF18abxizeg,RSCVn,YSO,Periodic,Stochastic
ZTF18abxjmqv,RSCVn,YSO,Periodic,Stochastic
ZTF18abxlves,LPV,YSO,Periodic,Stochastic
ZTF18abxqoly,CV/Nova,CV/Nova,Periodic,Periodic
ZTF18abxuzha,CV/Nova,CV/Nova,Periodic,Stochastic
ZTF18abxvgjq,RSCVn,CV/Nova,Periodic,Periodic
ZTF18abxxfgf,Periodic-Other,CV/Nova,Periodic,Periodic
ZTF18abxxoey,RSCVn,YSO,Periodic,Stochastic
ZTF18abybwlj,LPV,CV/Nova,Periodic,Periodic
ZTF18abydfze,Periodic-Other,CV/Nova,Periodic,Stochastic
ZTF18abydieu,EB/EW,CV/Nova,Periodic,Periodic
ZTF18abyerme,DSCT,CV/Nova,Periodic,Stochastic
ZTF18abyiniz,YSO,YSO,Periodic,Stochastic
ZTF18abyjvwc,RSCVn,YSO,Periodic,Stochastic
ZTF18abykcen,RSCVn,YSO,Periodic,Periodic
ZTF18abykzan,Blazar,YSO,Stochastic,Stochastic
ZTF18abymanv,Periodic-Other,CV/Nova,Periodic,Periodic
ZTF18abymdmh,CV/Nova,CV/Nova,Periodic,Stochastic
ZTF18abynwls,Periodic-Other,CV/Nova,Periodic,Periodic
ZTF18abyoeun,CV/Nova,CV/Nova,Periodic,Stochastic
ZTF18abyomfc,EB/EW,EB/EW,Periodic,Periodic
ZTF18abyoqjx,EB/EW,CV/Nova,Periodic,Periodic
ZTF18abyoukm,CV/Nova,CV/Nova,Periodic,Stochastic
ZTF18abyowqb,CV/Nova,CV/Nova,Periodic,Transient
ZTF18abyqmmb,CV/Nova,CV/Nova,Periodic,Stochastic
ZTF18abyrnjn,YSO,CV/Nova,Stochastic,Stochastic
ZTF18abyvaza,CV/Nova,CV/Nova,Periodic,Stochastic
ZTF18abyvazt,CV/Nova,CV/Nova,Stochastic,Stochastic
ZTF18abyvbrk,LPV,YSO,Periodic,Periodic
ZTF18abyvygn,Periodic-Other,CV/Nova,Periodic,Periodic
ZTF18abyxmbn,EA,EA,Periodic,Periodic
ZTF18abyznwl,CV/Nova,CV/Nova,Stochastic,Stochastic
ZTF18abzbsxu,Periodic-Other,EA,Periodic,Periodic
ZTF18abzbuab,RSCVn,Microlensing,Periodic,Periodic
ZTF18abzcowu,Periodic-Other,CV/Nova,Periodic,Stochastic
ZTF18abzctbl,Periodic-Other,CV/Nova,Periodic,Periodic
ZTF18abzitvt,CV/Nova,CV/Nova,Periodic,Stochastic
ZTF18abzmgiq,Periodic-Other,CV/Nova,Periodic,Transient
ZTF18abznkhn,LPV,YSO,Periodic,Stochastic
ZTF18abznzos,CV/Nova,CV/Nova,Periodic,Transient
ZTF18abzooxu,CV/Nova,CV/Nova,Periodic,Stochastic
ZTF18abzqdyo,CV/Nova,CV/Nova,Periodic,Periodic
ZTF18abzqgnj,Periodic-Other,Periodic-Other,Periodic,Periodic
ZTF18abzqgpb,RSCVn,YSO,Periodic,Periodic
ZTF18abzqkha,RSCVn,Microlensing,Periodic,Periodic
ZTF18abzqrgn,EA,CV/Nova,Periodic,Periodic
ZTF18abzsgiq,YSO,CV/Nova,Periodic,Stochastic
ZTF18abzzcfy,CV/Nova,CV/Nova,Periodic,Stochastic
ZTF18acacpwk,RSCVn,YSO,Periodic,Stochastic
ZTF18acacyqs,LPV,YSO,Periodic,Stochastic
ZTF18acadovs,LPV,CV/Nova,Stochastic,Transient
ZTF18acapkhf,RSCVn,CV/Nova,Periodic,Stochastic
ZTF18acapwfo,RRLab,RRLab,Periodic,Periodic
ZTF18acaqcvu,CV/Nova,CV/Nova,Periodic,Stochastic
ZTF18acatvfo,CV/Nova,CV/Nova,Periodic,Stochastic
ZTF18acaugxt,CV/Nova,CV/Nova,Periodic,Stochastic
ZTF18acavcxq,LPV,YSO,Periodic,Stochastic
ZTF18acavhww,EB/EW,EB/EW,Periodic,Periodic
ZTF18acavncf,CV/Nova,CV/Nova,Periodic,Stochastic
ZTF18acavpal,CV/Nova,CV/Nova,Periodic,Transient
ZTF18acaxbdq,LPV,YSO,Periodic,Stochastic
ZTF18acaxdok,LPV,YSO,Periodic,Stochastic
ZTF18acaxfmx,EB/EW,EB/EW,Periodic,Periodic
ZTF18acaxfrs,EB/EW,EB/EW,Periodic,Periodic
ZTF18acaxgtt,LPV,YSO,Periodic,Stochastic
ZTF18acayapq,YSO,YSO,Periodic,Periodic
ZTF18acayqan,EB/EW,EB/EW,Periodic,Periodic
ZTF18acazckx,LPV,CV/Nova,Periodic,Stochastic
ZTF18acazkxc,YSO,YSO,Periodic,Stochastic
ZTF18acbbjmo,EB/EW,EB/EW,Periodic,Periodic
ZTF18acbbmrp,CV/Nova,CV/Nova,Periodic,Transient
ZTF18acbbthc,LPV,CV/Nova,Periodic,Stochastic
ZTF18acbcnff,RSCVn,CV/Nova,Stochastic,Stochastic
ZTF18acbvore,CV/Nova,CV/Nova,Periodic,Stochastic
ZTF18acbvqsf,YSO,YSO,Stochastic,Stochastic
ZTF18acbvrwr,CV/Nova,CV/Nova,Periodic,Transient
ZTF18acbwlmi,RSCVn,Microlensing,Periodic,Stochastic
ZTF18acbwtlr,LPV,YSO,Periodic,Stochastic
ZTF18acbxpns,Periodic-Other,EB/EW,Periodic,Periodic
ZTF18acbzauk,LPV,YSO,Periodic,Stochastic
ZTF18acbzjmo,CV/Nova,CV/Nova,Periodic,Stochastic
ZTF18acbzmij,Periodic-Other,CV/Nova,Periodic,Periodic
ZTF18acbzqnm,EB/EW,EB/EW,Periodic,Periodic
ZTF18accabxw,RSCVn,YSO,Periodic,Periodic
ZTF18accadof,CV/Nova,CV/Nova,Stochastic,Stochastic
ZTF18accadwh,Periodic-Other,CV/Nova,Periodic,Periodic
ZTF18accastd,LPV,CV/Nova,Periodic,Stochastic
ZTF18accedqi,LPV,YSO,Periodic,Stochastic
ZTF18accevsq,Periodic-Other,CV/Nova,Periodic,Periodic
ZTF18accezle,CV/Nova,CV/Nova,Periodic,Stochastic
ZTF18acceznl,CV/Nova,CV/Nova,Periodic,Stochastic
ZTF18accfabv,Periodic-Other,Periodic-Other,Periodic,Periodic
ZTF18accfdms,Periodic-Other,EA,Periodic,Periodic
ZTF18accgsap,Periodic-Other,CV/Nova,Periodic,Periodic
ZTF18accgybl,EA,CV/Nova,Periodic,Periodic
ZTF18acchalr,Blazar,CV/Nova,Stochastic,Stochastic
ZTF18acchjlr,Periodic-Other,CV/Nova,Periodic,Periodic
ZTF18accjpih,YSO,YSO,Periodic,Stochastic
ZTF18acckpza,QSO,CV/Nova,Stochastic,Stochastic
ZTF18accljfn,RSCVn,YSO,Periodic,Periodic
ZTF18acclkih,EB/EW,EB/EW,Periodic,Periodic
ZTF18accmyat,Microlensing,Microlensing,Periodic,Stochastic
ZTF18accorrg,CV/Nova,CV/Nova,Periodic,Stochastic
ZTF18accposx,LPV,YSO,Periodic,Stochastic
ZTF18accqjdm,CV/Nova,CV/Nova,Periodic,Periodic
ZTF18accrjdu,LPV,YSO,Periodic,Stochastic
ZTF18accvkel,QSO,CV/Nova,Stochastic,Stochastic
ZTF18accxhvg,YSO,YSO,Periodic,Stochastic
ZTF18accxpgj,LPV,YSO,Periodic,Stochastic
ZTF18accydqz,Periodic-Other,CV/Nova,Periodic,Periodic
ZTF18acczisv,CV/Nova,CV/Nova,Periodic,Stochastic
ZTF18acdanou,Periodic-Other,CV/Nova,Periodic,Periodic
ZTF18acdavpt,CV/Nova,CV/Nova,Stochastic,Stochastic
ZTF18acdbcdo,CV/Nova,CV/Nova,Periodic,Transient
ZTF18acdbmpp,CV/Nova,CV/Nova,Periodic,Stochastic
ZTF18acdchuj,CV/Nova,CV/Nova,Periodic,Stochastic
ZTF18acderge,CV/Nova,CV/Nova,Periodic,Stochastic
ZTF18acdfmrb,CV/Nova,CV/Nova,Periodic,Stochastic
ZTF18acdfrxf,CV/Nova,CV/Nova,Stochastic,Stochastic
ZTF18acdgjbz,Periodic-Other,CV/Nova,Periodic,Periodic
ZTF18acdhddc,CV/Nova,CV/Nova,Periodic,Stochastic
ZTF18acdhrkm,CV/Nova,CV/Nova,Periodic,Stochastic
ZTF18acdhuym,Periodic-Other,CV/Nova,Periodic,Periodic
ZTF18acdjymj,Periodic-Other,CV/Nova,Periodic,Stochastic
ZTF18acdkcya,Periodic-Other,CV/Nova,Periodic,Stochastic
ZTF18acdkdfb,Periodic-Other,CV/Nova,Periodic,Periodic
ZTF18acdljqq,CV/Nova,CV/Nova,Periodic,Transient
ZTF18acdllfd,CV/Nova,CV/Nova,Periodic,Stochastic
ZTF18acdlzef,CV/Nova,CV/Nova,Periodic,Transient
ZTF18acdmydr,Periodic-Other,CV/Nova,Periodic,Periodic
ZTF18acdnupp,Periodic-Other,CV/Nova,Periodic,Transient
ZTF18acdosya,Periodic-Other,CV/Nova,Periodic,Periodic
ZTF18acdpdcw,Periodic-Other,CV/Nova,Periodic,Periodic
ZTF18acdpltc,Periodic-Other,CV/Nova,Periodic,Transient
ZTF18acdpntu,EA,CV/Nova,Periodic,Stochastic
ZTF18acdqguu,Periodic-Other,CV/Nova,Periodic,Transient
ZTF18acdqwap,CV/Nova,CV/Nova,Periodic,Stochastic
ZTF18acdsfvg,Periodic-Other,CV/Nova,Periodic,Stochastic
ZTF18acdtivs,RSCVn,CV/Nova,Periodic,Stochastic
ZTF18acdtqvk,RSCVn,CV/Nova,Periodic,Stochastic
ZTF18acdvicw,YSO,YSO,Periodic,Stochastic
ZTF18acdxhal,EA,EA,Periodic,Periodic
ZTF18acdyfwo,CV/Nova,CV/Nova,Stochastic,Stochastic
ZTF18acdyvff,YSO,YSO,Stochastic,Stochastic
ZTF18aceaisr,CV/Nova,CV/Nova,Periodic,Stochastic
ZTF18aceaixl,Periodic-Other,CV/Nova,Periodic,Periodic
ZTF18aceajfs,Periodic-Other,CV/Nova,Periodic,Periodic
ZTF18aceaoca,CV/Nova,CV/Nova,Periodic,Transient
ZTF18acebgir,YSO,YSO,Periodic,Stochastic
ZTF18acebgqr,LPV,CV/Nova,Periodic,Stochastic
ZTF18aceburk,RSCVn,CV/Nova,Periodic,Transient
ZTF18acecqbb,RSCVn,YSO,Periodic,Stochastic
ZTF18aceeorr,QSO,CV/Nova,Stochastic,Stochastic
ZTF18aceeutv,QSO,CV/Nova,Stochastic,Stochastic
ZTF18acegcaw,RSCVn,CV/Nova,Periodic,Periodic
ZTF18acegexd,EB/EW,EB/EW,Periodic,Periodic
ZTF18acegpuq,EA,YSO,Periodic,Stochastic
ZTF18acegske,RSCVn,YSO,Periodic,Stochastic
ZTF18acehrbk,EA,CV/Nova,Periodic,Stochastic
ZTF18acehrds,RSCVn,YSO,Periodic,Stochastic
ZTF18aceivhf,RRLab,RRLab,Periodic,Periodic
ZTF18acekymi,CV/Nova,CV/Nova,Periodic,Transient
ZTF18aceocrm,YSO,CV/Nova,Stochastic,Stochastic
ZTF18aceosmf,CV/Nova,CV/Nova,Periodic,Stochastic
ZTF18acepejh,QSO,CV/Nova,Stochastic,Stochastic
ZTF18acepvbr,QSO,CV/Nova,Stochastic,Stochastic
ZTF18acessba,Periodic-Other,CV/Nova,Periodic,Stochastic
ZTF18acesvtq,LPV,YSO,Periodic,Stochastic
ZTF18aceswah,LPV,YSO,Periodic,Stochastic
ZTF18aceudxt,RSCVn,EA,Periodic,Periodic
ZTF18acewizq,Periodic-Other,Periodic-Other,Periodic,Periodic
ZTF18acewqqi,EB/EW,EB/EW,Periodic,Periodic
ZTF18acexgav,CV/Nova,CV/Nova,Periodic,Stochastic
ZTF18aceynsv,RSCVn,YSO,Periodic,Periodic
ZTF18acfampi,EA,CV/Nova,Periodic,Stochastic
ZTF18acfbybn,CV/Nova,CV/Nova,Periodic,Stochastic
ZTF18acfcnzr,RSCVn,YSO,Periodic,Stochastic
ZTF18acfdahj,RSCVn,YSO,Periodic,Stochastic
ZTF18acfeqib,CV/Nova,CV/Nova,Periodic,Stochastic
ZTF18acfgdta,CV/Nova,CV/Nova,Periodic,Stochastic
ZTF18acfhcry,CV/Nova,CV/Nova,Periodic,Transient
ZTF18acfirsu,Periodic-Other,CV/Nova,Periodic,Periodic
ZTF18acfkmlj,Periodic-Other,CV/Nova,Periodic,Periodic
ZTF18acfkrnk,CV/Nova,CV/Nova,Periodic,Stochastic
ZTF18acfkylo,Periodic-Other,CV/Nova,Periodic,Periodic
ZTF18acfmieo,Periodic-Other,CV/Nova,Periodic,Transient
ZTF18acfmtyn,CV/Nova,CV/Nova,Periodic,Transient
ZTF18acfmuwq,CEP,CV/Nova,Periodic,Transient
ZTF18acfohqv,CV/Nova,CV/Nova,Periodic,Stochastic
ZTF18acfqgxw,CV/Nova,CV/Nova,Periodic,Transient
ZTF18acfqiqn,RRLab,CV/Nova,Periodic,Periodic
ZTF18acfqwkw,Periodic-Other,CV/Nova,Periodic,Periodic
ZTF18acfrlqg,CV/Nova,CV/Nova,Periodic,Stochastic
ZTF18acfvklz,CEP,CEP,Periodic,Periodic
ZTF18acfwadv,Periodic-Other,CV/Nova,Periodic,Periodic
ZTF18acfwrgv,CV/Nova,CV/Nova,Periodic,Stochastic
ZTF18acfxngp,CV/Nova,CV/Nova,Periodic,Stochastic
ZTF18acfyehf,CV/Nova,CV/Nova,Periodic,Stochastic
ZTF18acfyyxe,CV/Nova,CV/Nova,Periodic,Stochastic
ZTF18acgaahf,YSO,YSO,Periodic,Stochastic
ZTF18acgbcwo,CV/Nova,CV/Nova,Periodic,Stochastic
ZTF18acgcbal,CV/Nova,CV/Nova,Periodic,Stochastic
ZTF18acgcbhu,CV/Nova,CV/Nova,Periodic,Transient
ZTF18acgcdtj,LPV,YSO,Periodic,Stochastic
ZTF18acgduzi,CV/Nova,CV/Nova,Stochastic,Stochastic
ZTF18acgebpw,CV/Nova,CV/Nova,Periodic,Stochastic
ZTF18acgenfh,CV/Nova,CV/Nova,Periodic,Stochastic
ZTF18acggewj,RSCVn,CV/Nova,Periodic,Stochastic
ZTF18acghuni,CV/Nova,CV/Nova,Periodic,Stochastic
ZTF18acgiahv,CV/Nova,CV/Nova,Stochastic,Stochastic
ZTF18acgjjbb,RSCVn,YSO,Periodic,Stochastic
ZTF18acgmsiu,YSO,YSO,Periodic,Stochastic
ZTF18acgnxlg,CV/Nova,CV/Nova,Periodic,Transient
ZTF18acgpipw,CV/Nova,CV/Nova,Periodic,Stochastic
ZTF18acgpqeq,LPV,YSO,Periodic,Periodic
ZTF18acgqfvx,YSO,CV/Nova,Stochastic,Stochastic
ZTF18acgsjfl,EA,EA,Periodic,Periodic
ZTF18acguckn,Periodic-Other,CV/Nova,Periodic,Periodic
ZTF18acgvimp,EA,EA,Periodic,Periodic
ZTF18acgvrul,CV/Nova,CV/Nova,Periodic,Stochastic
ZTF18acgvwhi,RSCVn,YSO,Periodic,Stochastic
ZTF18acgxrtu,Periodic-Other,CV/Nova,Periodic,Periodic
ZTF18acgzffq,RSCVn,YSO,Periodic,Stochastic
ZTF18acgzspl,EA,YSO,Periodic,Stochastic
ZTF18achabpa,Periodic-Other,CV/Nova,Periodic,Stochastic
ZTF18achatbn,RSCVn,YSO,Periodic,Stochastic
ZTF18achcjwm,CV/Nova,CV/Nova,Periodic,Stochastic
ZTF18achfbew,LPV,CV/Nova,Periodic,Periodic
ZTF18achfelo,YSO,YSO,Periodic,Stochastic
ZTF18achftjs,CV/Nova,CV/Nova,Stochastic,Stochastic
ZTF18achgetm,CV/Nova,CV/Nova,Periodic,Stochastic
ZTF18achhcbk,CV/Nova,CV/Nova,Stochastic,Stochastic
ZTF18achhdsf,QSO,CV/Nova,Stochastic,Stochastic
ZTF18achhhwp,CV/Nova,CV/Nova,Periodic,Transient
ZTF18achiwrg,Periodic-Other,CV/Nova,Periodic,Stochastic
ZTF18achnlfi,EB/EW,EB/EW,Periodic,Periodic
ZTF18achrcaf,RSCVn,Microlensing,Periodic,Stochastic
ZTF18achshse,CV/Nova,CV/Nova,Periodic,Stochastic
ZTF18achtekr,Periodic-Other,CV/Nova,Periodic,Periodic
ZTF18achtjxr,CV/Nova,CV/Nova,Periodic,Stochastic
ZTF18achtktf,LPV,CEP,Periodic,Periodic
ZTF18achtoif,QSO,CV/Nova,Stochastic,Stochastic
ZTF18achtqia,LPV,CV/Nova,Periodic,Stochastic
ZTF18achutzd,Periodic-Other,CV/Nova,Periodic,Periodic
ZTF18achuuif,CEP,CV/Nova,Periodic,Periodic
ZTF18achxcpf,Periodic-Other,CV/Nova,Periodic,Periodic
ZTF18achxqdo,Periodic-Other,CV/Nova,Periodic,Stochastic
ZTF18achxqpu,CV/Nova,CV/Nova,Periodic,Stochastic
ZTF18achxsns,RSCVn,YSO,Periodic,Stochastic
ZTF18achygku,YSO,YSO,Periodic,Stochastic
ZTF18achynug,CV/Nova,CV/Nova,Stochastic,Stochastic
ZTF18achywqh,RSCVn,CV/Nova,Periodic,Stochastic
ZTF18achzjfd,RSCVn,RSCVn,Periodic,Stochastic
ZTF18acidaxl,Periodic-Other,CV/Nova,Periodic,Stochastic
ZTF18acigkpx,RSCVn,YSO,Periodic,Stochastic
ZTF18acijmfz,LPV,YSO,Periodic,Stochastic
ZTF18acinhsa,CV/Nova,CV/Nova,Periodic,Stochastic
ZTF18acipjki,Periodic-Other,CV/Nova,Periodic,Periodic
ZTF18aciptkm,Periodic-Other,Microlensing,Periodic,Stochastic
ZTF18acireec,Periodic-Other,CV/Nova,Periodic,Periodic
ZTF18acisrpv,EA,CV/Nova,Periodic,Periodic
ZTF18acivlbe,CV/Nova,CV/Nova,Periodic,Stochastic
ZTF18acivobj,Periodic-Other,CV/Nova,Periodic,Periodic
ZTF18aciwofj,CV/Nova,CV/Nova,Periodic,Stochastic
ZTF18acixwea,CV/Nova,CV/Nova,Periodic,Periodic
ZTF18aciyrtf,Periodic-Other,CV/Nova,Periodic,Periodic
ZTF18acizoxh,Periodic-Other,CV/Nova,Periodic,Periodic
ZTF18acjajhu,CV/Nova,CV/Nova,Periodic,Stochastic
ZTF18acjedwe,CV/Nova,CV/Nova,Periodic,Stochastic
ZTF18acjepyt,CV/Nova,CV/Nova,Periodic,Stochastic
ZTF18acjesbi,Periodic-Other,CV/Nova,Periodic,Stochastic
ZTF18acjgvfa,LPV,YSO,Periodic,Stochastic
ZTF18acjjabp,Periodic-Other,CV/Nova,Periodic,Periodic
ZTF18acjmmdb,CV/Nova,CV/Nova,Periodic,Stochastic
ZTF18acjmvai,Periodic-Other,CV/Nova,Periodic,Periodic
ZTF18acjqktz,Periodic-Other,CV/Nova,Periodic,Stochastic
ZTF18acjrnse,CV/Nova,CV/Nova,Periodic,Transient
ZTF18acjsytz,LPV,CV/Nova,Periodic,Periodic
ZTF18acjuotc,CV/Nova,CV/Nova,Periodic,Transient
ZTF18acjvdvx,Periodic-Other,Periodic-Other,Periodic,Periodic
ZTF18acjvnjl,Periodic-Other,CV/Nova,Periodic,Periodic
ZTF18acjvrsh,CV/Nova,CV/Nova,Periodic,Stochastic
ZTF18acjwgrx,Periodic-Other,CV/Nova,Periodic,Periodic
ZTF18acjwmfa,EA,CV/Nova,Periodic,Stochastic
ZTF18acjwmpv,Periodic-Other,CV/Nova,Periodic,Periodic
ZTF18acjwmve,YSO,CV/Nova,Periodic,Stochastic
ZTF18acjwsce,RSCVn,YSO,Periodic,Stochastic
ZTF18acjxkug,YSO,YSO,Stochastic,Stochastic
ZTF18acjypdm,CV/Nova,CV/Nova,Periodic,Transient
ZTF18acjythd,YSO,YSO,Periodic,Stochastic
ZTF18acjyvbj,Periodic-Other,CV/Nova,Periodic,Periodic
ZTF18ackbxpn,CV/Nova,CV/Nova,Periodic,Stochastic
ZTF18ackcdhj,YSO,CV/Nova,Periodic,Stochastic
ZTF18ackclqm,CV/Nova,CV/Nova,Periodic,Transient
ZTF18ackefds,CV/Nova,CV/Nova,Periodic,Periodic
ZTF18acketbs,CV/Nova,CV/Nova,Periodic,Periodic
ZTF18ackgzmr,CV/Nova,CV/Nova,Periodic,Transient
ZTF18ackhdfj,CV/Nova,CV/Nova,Periodic,Stochastic
ZTF18ackjacz,CV/Nova,CV/Nova,Periodic,Transient
ZTF18ackjgyb,CV/Nova,CV/Nova,Periodic,Transient
ZTF18ackkiir,EA,CV/Nova,Periodic,Transient
ZTF18ackkjql,CV/Nova,CV/Nova,Periodic,Stochastic
ZTF18ackrecu,CV/Nova,CV/Nova,Periodic,Stochastic
ZTF18ackrrqs,Periodic-Other,CV/Nova,Periodic,Transient
ZTF18ackwtwq,Periodic-Other,CV/Nova,Periodic,Periodic
ZTF18ackxdbh,EA,CV/Nova,Periodic,Periodic
ZTF18ackxdpu,CV/Nova,CV/Nova,Periodic,Transient
ZTF18ackyaxp,EA,YSO,Periodic,Periodic
ZTF18ackztni,CV/Nova,CV/Nova,Periodic,Stochastic
ZTF18aclbgvp,Periodic-Other,CV/Nova,Periodic,Periodic
ZTF18aclcdnu,RSCVn,YSO,Periodic,Stochastic
ZTF18aclcptp,YSO,YSO,Periodic,Stochastic
ZTF18acleqag,Periodic-Other,CV/Nova,Periodic,Periodic
ZTF18aclknpq,Periodic-Other,CV/Nova,Periodic,Periodic
ZTF18acloomh,DSCT,CV/Nova,Periodic,Periodic
ZTF18aclplhe,Periodic-Other,CV/Nova,Periodic,Transient
ZTF18aclqthh,EB/EW,EB/EW,Periodic,Periodic
ZTF18aclveeo,Periodic-Other,CV/Nova,Periodic,Periodic
ZTF18acmafzq,CV/Nova,CV/Nova,Periodic,Transient
ZTF18acmelqy,CV/Nova,CV/Nova,Periodic,Stochastic
ZTF18acmfbfb,LPV,CV/Nova,Periodic,Stochastic
ZTF18acmfcsg,YSO,CV/Nova,Periodic,Stochastic
ZTF18acmgdhl,CV/Nova,CV/Nova,Periodic,Stochastic
ZTF18acmglmi,EB/EW,EB/EW,Periodic,Periodic
ZTF18acmhfvz,CEP,CV/Nova,Periodic,Transient
ZTF18acmhstp,CV/Nova,CV/Nova,Periodic,Stochastic
ZTF18acmidrs,YSO,YSO,Stochastic,Stochastic
ZTF18acmkbfk,CV/Nova,CV/Nova,Periodic,Transient
ZTF18acmmmex,CV/Nova,CV/Nova,Periodic,Transient
ZTF18acmovax,CV/Nova,CV/Nova,Stochastic,Stochastic
ZTF18acmpuyg,CV/Nova,CV/Nova,Periodic,Stochastic
ZTF18acmtmvn,CV/Nova,CV/Nova,Periodic,Stochastic
ZTF18acmtvrh,CV/Nova,CV/Nova,Periodic,Stochastic
ZTF18acmtzai,RSCVn,YSO,Periodic,Stochastic
ZTF18acmvtwi,CV/Nova,CV/Nova,Periodic,Transient
ZTF18acmxmke,YSO,YSO,Stochastic,Stochastic
ZTF18acmybqm,YSO,YSO,Periodic,Stochastic
ZTF18acmyrry,RSCVn,YSO,Periodic,Stochastic
ZTF18acmzher,CV/Nova,CV/Nova,Periodic,Stochastic
ZTF18acmzims,Blazar,CV/Nova,Stochastic,Stochastic
ZTF18acnajmq,RSCVn,YSO,Periodic,Stochastic
ZTF18acnancc,EB/EW,EB/EW,Periodic,Periodic
ZTF18acnapfm,LPV,YSO,Periodic,Stochastic
ZTF18acnawmr,CV/Nova,CV/Nova,Stochastic,Stochastic
ZTF18acnbqfi,RSCVn,Microlensing,Periodic,Stochastic
ZTF18acndubl,Periodic-Other,CV/Nova,Periodic,Periodic
ZTF18acniryv,Periodic-Other,CV/Nova,Periodic,Transient
ZTF18acnjhck,Periodic-Other,CV/Nova,Periodic,Periodic
ZTF18acnjnuv,EB/EW,CV/Nova,Periodic,Stochastic
ZTF18acnktts,EA,CV/Nova,Periodic,Stochastic
ZTF18acnkvni,CV/Nova,CV/Nova,Periodic,Stochastic
ZTF18acnlgrs,CV/Nova,CV/Nova,Periodic,Stochastic
ZTF18acnmjfc,RSCVn,YSO,Periodic,Stochastic
ZTF18acnnjtl,EB/EW,EB/EW,Periodic,Periodic
ZTF18acnnsnh,RSCVn,YSO,Periodic,Periodic
ZTF18acnpgaq,CV/Nova,CV/Nova,Stochastic,Stochastic
ZTF18acntdwx,RSCVn,YSO,Periodic,Stochastic
ZTF18acnumgb,Periodic-Other,CV/Nova,Periodic,Periodic
ZTF18acodymt,Periodic-Other,CV/Nova,Periodic,Periodic
ZTF18acoflwd,Periodic-Other,CV/Nova,Periodic,Stochastic
ZTF18acoqwrk,YSO,YSO,Periodic,Stochastic
ZTF18acovngr,LPV,CV/Nova,Periodic,Stochastic
ZTF18acovong,RSCVn,RSCVn,Periodic,Periodic
ZTF18acoxlaw,YSO,CV/Nova,Periodic,Stochastic
ZTF18acpbsfx,RSCVn,YSO,Periodic,Stochastic
ZTF18acpdctr,Periodic-Other,Periodic-Other,Periodic,Periodic
ZTF18acpdnoh,EB/EW,EB/EW,Periodic,Periodic
ZTF18acpewij,Periodic-Other,CV/Nova,Periodic,Periodic
ZTF18acpexan,RRLc,CV/Nova,Periodic,Transient
ZTF18acpgnpj,CV/Nova,CV/Nova,Periodic,Stochastic
ZTF18acpgqsy,CV/Nova,CV/Nova,Periodic,Transient
ZTF18acpgwmm,CV/Nova,CV/Nova,Periodic,Stochastic
ZTF18acpgxqb,Periodic-Other,Periodic-Other,Periodic,Periodic
ZTF18acphgha,CV/Nova,CV/Nova,Periodic,Stochastic
ZTF18acpjzdr,CV/Nova,CV/Nova,Stochastic,Stochastic
ZTF18acpkjgm,Periodic-Other,CV/Nova,Periodic,Periodic
ZTF18acpkvob,RSCVn,CV/Nova,Periodic,Periodic
ZTF18acpljat,CV/Nova,CV/Nova,Stochastic,Stochastic
ZTF18acpmqhj,RSCVn,CV/Nova,Periodic,Stochastic
ZTF18acpnuia,DSCT,CV/Nova,Periodic,Transient
ZTF18acppmjd,CV/Nova,CV/Nova,Stochastic,Stochastic
ZTF18acpshxv,YSO,CV/Nova,Periodic,Stochastic
ZTF18acpsiln,YSO,CV/Nova,Periodic,Stochastic
ZTF18acptvqc,CEP,CEP,Periodic,Periodic
ZTF18acpuzbk,RSCVn,CV/Nova,Periodic,Stochastic
ZTF18acpvflw,EB/EW,EB/EW,Periodic,Periodic
ZTF18acpvgon,CV/Nova,CV/Nova,Periodic,Periodic
ZTF18acpvlzx,EB/EW,EB/EW,Periodic,Periodic
ZTF18acpvmmo,Periodic-Other,CV/Nova,Periodic,Periodic
ZTF18acpvnlg,CEP,CEP,Periodic,Periodic
ZTF18acpvwdh,CV/Nova,CV/Nova,Periodic,Stochastic
ZTF18acpwgkv,CV/Nova,CV/Nova,Periodic,Stochastic
ZTF18acpxyrd,CV/Nova,CV/Nova,Stochastic,Stochastic
ZTF18acpyagk,CV/Nova,CV/Nova,Periodic,Stochastic
ZTF18acpzguk,EA,CV/Nova,Periodic,Stochastic
ZTF18acqargw,Periodic-Other,CV/Nova,Periodic,Periodic
ZTF18acqarqb,CV/Nova,CV/Nova,Periodic,Periodic
ZTF18acqasoz,CV/Nova,CV/Nova,Periodic,Stochastic
ZTF18acqbams,EA,CV/Nova,Periodic,Transient
ZTF18acqbmsj,CV/Nova,CV/Nova,Periodic,Stochastic
ZTF18acqbrfm,Periodic-Other,CV/Nova,Periodic,Periodic
ZTF18acqcfwg,CV/Nova,CV/Nova,Periodic,Stochastic
ZTF18acqcoba,Periodic-Other,CV/Nova,Periodic,Transient
ZTF18acqgusw,EB/EW,EB/EW,Periodic,Periodic
ZTF18acqjgee,CV/Nova,CV/Nova,Periodic,Stochastic
ZTF18acqkjbp,CV/Nova,CV/Nova,Periodic,Stochastic
ZTF18acqlepn,RSCVn,CV/Nova,Periodic,Stochastic
ZTF18acqlopl,Periodic-Other,CV/Nova,Periodic,Periodic
ZTF18acqmznx,Periodic-Other,CV/Nova,Periodic,Periodic
ZTF18acqnfgj,Periodic-Other,CV/Nova,Periodic,Periodic
ZTF18acqqdhh,Periodic-Other,CV/Nova,Periodic,Periodic
ZTF18acqthig,Periodic-Other,CV/Nova,Periodic,Periodic
ZTF18acqtszt,Periodic-Other,CV/Nova,Periodic,Periodic
ZTF18acquibk,Periodic-Other,CV/Nova,Periodic,Periodic
ZTF18acrcxlb,LPV,CV/Nova,Periodic,Stochastic
ZTF18acreoqw,YSO,CV/Nova,Periodic,Stochastic
ZTF18acrfbhg,EB/EW,EB/EW,Periodic,Periodic
ZTF18acrfyir,Periodic-Other,YSO,Periodic,Periodic
ZTF18acriafe,CV/Nova,CV/Nova,Periodic,Stochastic
ZTF18acrjljk,CV/Nova,CV/Nova,Periodic,Stochastic
ZTF18acrjoib,CV/Nova,CV/Nova,Periodic,Stochastic
ZTF18acrjvdw,LPV,YSO,Periodic,Stochastic
ZTF18acrkewl,Periodic-Other,EA,Periodic,Periodic
ZTF18acrkfud,YSO,YSO,Stochastic,Stochastic
ZTF18acrmwaj,CV/Nova,CV/Nova,Periodic,Transient
ZTF18acrmyad,CV/Nova,CV/Nova,Periodic,Transient
ZTF18acrqmhd,CV/Nova,CV/Nova,Periodic,Transient
ZTF18acrsiqr,Periodic-Other,CV/Nova,Periodic,Periodic
ZTF18acrtjvu,YSO,YSO,Periodic,Stochastic
ZTF18acrtwoq,Periodic-Other,CV/Nova,Periodic,Transient
ZTF18acruhew,EA,YSO,Periodic,Periodic
ZTF18acrujcs,EA,YSO,Periodic,Stochastic
ZTF18acruknr,RSCVn,RSCVn,Periodic,Periodic
ZTF18acrumkm,CV/Nova,CV/Nova,Stochastic,Stochastic
ZTF18acruzka,CV/Nova,CV/Nova,Periodic,Stochastic
ZTF18acruzur,RSCVn,YSO,Periodic,Stochastic
ZTF18acrvfhy,Periodic-Other,Periodic-Other,Periodic,Periodic
ZTF18acrxcfn,LPV,CV/Nova,Periodic,Periodic
ZTF18acrxmqp,RSCVn,YSO,Periodic,Stochastic
ZTF18acryisr,RSCVn,YSO,Periodic,Stochastic
ZTF18acrykcm,Periodic-Other,CV/Nova,Periodic,Stochastic
ZTF18acsbtkk,EA,CV/Nova,Periodic,Stochastic
ZTF18acscpye,YSO,CV/Nova,Stochastic,Stochastic
ZTF18acsdfnf,LPV,YSO,Periodic,Stochastic
ZTF18acsdlky,CV/Nova,CV/Nova,Periodic,Stochastic
ZTF18acsdpoe,CV/Nova,CV/Nova,Periodic,Stochastic
ZTF18acsdvey,CV/Nova,CV/Nova,Periodic,Stochastic
ZTF18acsegaf,YSO,CV/Nova,Periodic,Periodic
ZTF18acsggmf,CV/Nova,CV/Nova,Periodic,Stochastic
ZTF18acshtbd,RSCVn,CV/Nova,Periodic,Stochastic
ZTF18acsiqob,EB/EW,EB/EW,Periodic,Periodic
ZTF18acsjivd,CEP,CEP,Periodic,Periodic
ZTF18acsjnou,CV/Nova,CV/Nova,Periodic,Stochastic
ZTF18acslhbz,CV/Nova,CV/Nova,Periodic,Periodic
ZTF18acsltzh,Periodic-Other,CV/Nova,Periodic,Stochastic
ZTF18acsmqng,DSCT,CV/Nova,Periodic,Periodic
ZTF18acsnath,RSCVn,CV/Nova,Periodic,Stochastic
ZTF18acsqlll,CV/Nova,CV/Nova,Periodic,Stochastic
ZTF18acsrfgq,CV/Nova,CV/Nova,Periodic,Stochastic
ZTF18acsrknk,RSCVn,YSO,Periodic,Stochastic
ZTF18acstisb,Periodic-Other,CV/Nova,Periodic,Periodic
ZTF18acsvhxh,Periodic-Other,Periodic-Other,Periodic,Periodic
ZTF18acsvytz,LPV,YSO,Periodic,Stochastic
ZTF18acswedm,CV/Nova,CV/Nova,Periodic,Transient
ZTF18acswlci,Periodic-Other,YSO,Periodic,Stochastic
ZTF18acswlej,CV/Nova,CV/Nova,Periodic,Stochastic
ZTF18acswqjy,RSCVn,RSCVn,Periodic,Periodic
ZTF18acsxmdc,Periodic-Other,CV/Nova,Periodic,Stochastic
ZTF18acsxmgw,CV/Nova,CV/Nova,Periodic,Stochastic
ZTF18acsxqgj,RSCVn,CV/Nova,Periodic,Periodic
ZTF18acsxqpe,RSCVn,YSO,Periodic,Periodic
ZTF18acszfcs,RSCVn,YSO,Periodic,Stochastic
ZTF18acszftd,EB/EW,EB/EW,Periodic,Periodic
ZTF18acszzfl,YSO,YSO,Stochastic,Periodic
ZTF18actasth,EB/EW,EB/EW,Periodic,Periodic
ZTF18actbnou,EA,EA,Periodic,Periodic
ZTF18actbotr,RSCVn,YSO,Periodic,Stochastic
ZTF18actcgpy,Periodic-Other,CV/Nova,Periodic,Periodic
ZTF18actddur,DSCT,CV/Nova,Periodic,Periodic
ZTF18actlrve,CV/Nova,CV/Nova,Periodic,Stochastic
ZTF18actpbds,Periodic-Other,CV/Nova,Periodic,Periodic
ZTF18actsunh,CV/Nova,CV/Nova,Periodic,Periodic
ZTF18acttrdr,CV/Nova,CV/Nova,Periodic,Stochastic
ZTF18actufko,CV/Nova,CV/Nova,Stochastic,Stochastic
ZTF18actupvz,Periodic-Other,CV/Nova,Periodic,Periodic
ZTF18actxgjo,RSCVn,YSO,Periodic,Stochastic
ZTF18actxudj,RSCVn,YSO,Periodic,Stochastic
ZTF18actykry,EA,CV/Nova,Periodic,Stochastic
ZTF18actztgv,Periodic-Other,EB/EW,Periodic,Periodic
ZTF18acufwgp,CV/Nova,CV/Nova,Periodic,Stochastic
ZTF18acufyte,EB/EW,RRLc,Periodic,Periodic
ZTF18acugcez,RSCVn,YSO,Periodic,Stochastic
ZTF18acuhbqv,CV/Nova,CV/Nova,Periodic,Stochastic
ZTF18acuhijz,Periodic-Other,CV/Nova,Periodic,Periodic
ZTF18acujvsl,RSCVn,YSO,Periodic,Periodic
ZTF18acukifn,YSO,CV/Nova,Stochastic,Transient
ZTF18aculbpc,LPV,YSO,Periodic,Stochastic
ZTF18aculofi,Periodic-Other,Periodic-Other,Periodic,Periodic
ZTF18acuofgl,RSCVn,YSO,Periodic,Stochastic
ZTF18acusszy,Periodic-Other,CV/Nova,Periodic,Transient
ZTF18acutdlx,CV/Nova,CV/Nova,Periodic,Periodic
ZTF18acuukhj,CV/Nova,CV/Nova,Periodic,Transient
ZTF18acuxyll,Periodic-Other,CV/Nova,Periodic,Periodic
ZTF18acuykrn,DSCT,CV/Nova,Periodic,Stochastic
ZTF18acvbyru,RSCVn,Microlensing,Periodic,Stochastic
ZTF18acvegro,LPV,CV/Nova,Periodic,Periodic
ZTF18acvihcf,RRLab,RRLab,Periodic,Periodic
ZTF18acviker,Periodic-Other,CV/Nova,Periodic,Periodic
ZTF18acvioqk,CV/Nova,CV/Nova,Periodic,Stochastic
ZTF18acvjkya,Periodic-Other,CV/Nova,Periodic,Transient
ZTF18acvjppq,Periodic-Other,CV/Nova,Periodic,Periodic
ZTF18acvkczp,Periodic-Other,CV/Nova,Periodic,Periodic
ZTF18acvkslk,Periodic-Other,CV/Nova,Periodic,Periodic
ZTF18acvmefe,Periodic-Other,CV/Nova,Periodic,Stochastic
ZTF18acvnigy,LPV,YSO,Periodic,Stochastic
ZTF18acvormo,RSCVn,CV/Nova,Periodic,Periodic
ZTF18acvpgmk,CV/Nova,CV/Nova,Periodic,Stochastic
ZTF18acvptdc,YSO,CV/Nova,Stochastic,Stochastic
ZTF18acvqrtm,RSCVn,YSO,Periodic,Periodic
ZTF18acvtxkx,Periodic-Other,EA,Periodic,Periodic
ZTF18acvuhpb,RSCVn,CV/Nova,Periodic,Stochastic
ZTF18acvvpqq,Periodic-Other,YSO,Periodic,Periodic
ZTF18acvvptl,EB/EW,EB/EW,Periodic,Periodic
ZTF18acvvtib,CV/Nova,CV/Nova,Periodic,Stochastic
ZTF18acvvuzh,Periodic-Other,Periodic-Other,Periodic,Periodic
ZTF18acvwhsy,EB/EW,EB/EW,Periodic,Periodic
ZTF18acvwjhh,RRLab,CV/Nova,Periodic,Periodic
ZTF18acvwuij,CV/Nova,CV/Nova,Stochastic,Stochastic
ZTF18acvxiol,CV/Nova,CV/Nova,Stochastic,Stochastic
ZTF18acvzxuc,Periodic-Other,CV/Nova,Periodic,Periodic
ZTF18acwalby,CV/Nova,CV/Nova,Periodic,Transient
ZTF18acwanmm,Periodic-Other,CV/Nova,Periodic,Periodic
ZTF18acwasxi,CV/Nova,CV/Nova,Periodic,Stochastic
ZTF18acwcpzh,Periodic-Other,CV/Nova,Periodic,Periodic
ZTF18acwdjzc,Periodic-Other,CV/Nova,Periodic,Transient
ZTF18acwdybu,LPV,LPV,Periodic,Periodic
ZTF18acweaqo,CV/Nova,CV/Nova,Periodic,Stochastic
ZTF18acwebep,RSCVn,RSCVn,Periodic,Stochastic
ZTF18acweoct,CV/Nova,CV/Nova,Periodic,Stochastic
ZTF18acwqopf,RSCVn,YSO,Periodic,Stochastic
ZTF18acwsane,CV/Nova,CV/Nova,Periodic,Stochastic
ZTF18acwvltb,YSO,YSO,Stochastic,Stochastic
ZTF18acwvzoo,CV/Nova,CV/Nova,Periodic,Stochastic
ZTF18acwyxrx,QSO,CV/Nova,Stochastic,Stochastic
ZTF18acwzekt,LPV,CV/Nova,Periodic,Stochastic
ZTF18acxagky,CV/Nova,CV/Nova,Periodic,Stochastic
ZTF18acxalhg,Periodic-Other,CV/Nova,Periodic,Transient
ZTF18acxbhav,Periodic-Other,CV/Nova,Periodic,Periodic
ZTF18acxbvbb,RSCVn,CV/Nova,Periodic,Periodic
ZTF18acxbxbq,Periodic-Other,CV/Nova,Periodic,Periodic
ZTF18acxbzie,RRLab,CV/Nova,Periodic,Stochastic
ZTF18acxcdys,Periodic-Other,CV/Nova,Periodic,Transient
ZTF18acxdxgb,RSCVn,YSO,Periodic,Stochastic
ZTF18acxgjpj,RSCVn,YSO,Periodic,Stochastic
ZTF18acxgrxp,Periodic-Other,EB/EW,Periodic,Periodic
ZTF18acxgsln,YSO,YSO,Periodic,Stochastic
ZTF18acxhbwi,Periodic-Other,Periodic-Other,Periodic,Periodic
ZTF18acxhddr,Periodic-Other,CV/Nova,Periodic,Periodic
ZTF18acxifvp,CV/Nova,CV/Nova,Stochastic,Stochastic
ZTF18acxirts,CV/Nova,CV/Nova,Periodic,Stochastic
ZTF18acxjbmg,CEP,CV/Nova,Periodic,Stochastic
ZTF18acxjfhf,Periodic-Other,CV/Nova,Periodic,Stochastic
ZTF18acxkusz,RSCVn,CV/Nova,Periodic,Stochastic
ZTF18acxmicl,Periodic-Other,CV/Nova,Periodic,Stochastic
ZTF18acxuzhp,Periodic-Other,CV/Nova,Periodic,Periodic
ZTF18acxvrus,RSCVn,YSO,Periodic,Periodic
ZTF18acxxeec,Periodic-Other,Periodic-Other,Periodic,Periodic
ZTF18acxygqk,CV/Nova,CV/Nova,Periodic,Transient
ZTF18acxylml,YSO,CV/Nova,Stochastic,Stochastic
ZTF18acxzumj,AGN,CV/Nova,Stochastic,Stochastic
ZTF18acybjqc,Periodic-Other,CV/Nova,Periodic,Transient
ZTF18acybptm,CV/Nova,CV/Nova,Periodic,Stochastic
ZTF18acybslv,CV/Nova,CV/Nova,Periodic,Periodic
ZTF18acycypp,RSCVn,CV/Nova,Periodic,Periodic
ZTF18acydhep,Periodic-Other,CV/Nova,Periodic,Periodic
ZTF18acydhfn,CV/Nova,CV/Nova,Periodic,Stochastic
ZTF18acyepnl,RSCVn,Microlensing,Periodic,Stochastic
ZTF18acyfdas,CV/Nova,CV/Nova,Periodic,Stochastic
ZTF18acyfeex,CV/Nova,CV/Nova,Periodic,Stochastic
ZTF18acyffda,Periodic-Other,CV/Nova,Periodic,Transient
ZTF18acygfao,RSCVn,YSO,Periodic,Stochastic
ZTF18acyieke,Periodic-Other,CV/Nova,Periodic,Transient
ZTF18acyjmzb,CV/Nova,CV/Nova,Periodic,Stochastic
ZTF18acyjnti,RSCVn,YSO,Periodic,Stochastic
ZTF18acylldw,Periodic-Other,CV/Nova,Periodic,Periodic
ZTF18acymqhh,Periodic-Other,CV/Nova,Periodic,Stochastic
ZTF18acynykl,RSCVn,CV/Nova,Periodic,Stochastic
ZTF18acypezd,EA,CV/Nova,Periodic,Stochastic
ZTF18acypixt,Periodic-Other,CV/Nova,Periodic,Periodic
ZTF18acyqnph,Periodic-Other,CV/Nova,Periodic,Periodic
ZTF18acyrajh,CV/Nova,CV/Nova,Periodic,Stochastic
ZTF18acyrxrq,CV/Nova,CV/Nova,Periodic,Stochastic
ZTF18acyvpbf,RSCVn,Microlensing,Periodic,Stochastic
ZTF18acyynat,Periodic-Other,CV/Nova,Periodic,Stochastic
ZTF18aczbnld,CV/Nova,CV/Nova,Periodic,Stochastic
ZTF18aczbntj,CV/Nova,CV/Nova,Periodic,Stochastic
ZTF18aczbzra,YSO,CV/Nova,Stochastic,Stochastic
ZTF18aczcltf,RRLab,RRLab,Periodic,Periodic
ZTF18aczfaty,CV/Nova,CV/Nova,Periodic,Periodic
ZTF18aczqyud,RSCVn,YSO,Periodic,Stochastic
ZTF18aczrysv,Periodic-Other,CV/Nova,Periodic,Stochastic
ZTF18acztpwq,CV/Nova,CV/Nova,Periodic,Stochastic
ZTF18aczttkx,CV/Nova,CV/Nova,Periodic,Transient
ZTF18aczxaxl,CEP,YSO,Periodic,Stochastic
ZTF18aczxitc,LPV,YSO,Periodic,Stochastic
ZTF18aczyapx,RSCVn,YSO,Periodic,Stochastic
ZTF18aczymrh,Periodic-Other,CV/Nova,Periodic,Periodic
ZTF18adacffp,RSCVn,YSO,Periodic,Stochastic
ZTF18adagskv,Periodic-Other,CV/Nova,Periodic,Periodic
ZTF18adaibhx,LPV,YSO,Periodic,Stochastic
ZTF18adairpj,Periodic-Other,YSO,Periodic,Stochastic
ZTF18adajoyi,CV/Nova,CV/Nova,Periodic,Transient
ZTF18adajpua,CV/Nova,CV/Nova,Periodic,Transient
ZTF18adamxzy,Blazar,YSO,Stochastic,Stochastic
ZTF18adaoqdc,CV/Nova,CV/Nova,Stochastic,Stochastic
ZTF18adaoyhw,CV/Nova,CV/Nova,Periodic,Stochastic
ZTF18adapdcj,Periodic-Other,CV/Nova,Periodic,Stochastic
ZTF18adapodu,CV/Nova,CV/Nova,Stochastic,Stochastic
ZTF18adasqki,YSO,YSO,Stochastic,Stochastic
ZTF18adayyen,RSCVn,RSCVn,Periodic,Periodic
ZTF18adayzgw,RSCVn,RSCVn,Periodic,Periodic
ZTF18adazuzb,YSO,CV/Nova,Stochastic,Stochastic
ZTF18adazvet,Periodic-Other,CV/Nova,Periodic,Periodic
ZTF18adbafwk,Periodic-Other,EA,Periodic,Periodic
ZTF18adbaidn,RRLab,RRLab,Periodic,Periodic
ZTF18adbbvoy,QSO,CV/Nova,Stochastic,Stochastic
ZTF18adbdoig,Periodic-Other,Periodic-Other,Periodic,Periodic
ZTF18adbiief,Periodic-Other,Periodic-Other,Periodic,Periodic
ZTF18adblmnz,Periodic-Other,CV/Nova,Periodic,Transient
ZTF18adblxqb,Periodic-Other,CV/Nova,Periodic,Periodic
ZTF18adbmatq,RSCVn,RSCVn,Periodic,Periodic
ZTF18adbnwgg,RSCVn,CV/Nova,Periodic,Stochastic
ZTF18adbolyo,DSCT,CV/Nova,Periodic,Periodic
ZTF18adbpras,Periodic-Other,CV/Nova,Periodic,Periodic
ZTF18adbqloy,RSCVn,RSCVn,Periodic,Periodic
ZTF18adbsqcw,CV/Nova,CV/Nova,Periodic,Stochastic
ZTF18adbunpd,RSCVn,CV/Nova,Periodic,Stochastic
ZTF18adbyxyf,YSO,CV/Nova,Periodic,Stochastic
ZTF18adcasqt,CV/Nova,CV/Nova,Periodic,Stochastic
ZTF18adcaurp,CV/Nova,CV/Nova,Periodic,Stochastic
ZTF18adcbbww,LPV,YSO,Periodic,Stochastic
ZTF18adccwbg,EA,CV/Nova,Periodic,Transient
ZTF18adccwky,EA,CV/Nova,Periodic,Stochastic
ZTF18adcdonu,RSCVn,Microlensing,Periodic,Stochastic
ZTF18adfhxkx,CV/Nova,CV/Nova,Periodic,Stochastic
ZTF18adfkjsa,Periodic-Other,CV/Nova,Periodic,Periodic
ZTF18adflawi,Periodic-Other,EA,Periodic,Periodic
ZTF18adfmuak,CV/Nova,CV/Nova,Periodic,Transient
ZTF18adfpnla,Periodic-Other,CV/Nova,Periodic,Periodic
ZTF18adfqbrs,Periodic-Other,CV/Nova,Periodic,Periodic
ZTF18adfqxly,Periodic-Other,CV/Nova,Periodic,Periodic
ZTF18adfrgiq,CV/Nova,CV/Nova,Periodic,Stochastic
ZTF18adfvtmp,Periodic-Other,CV/Nova,Periodic,Periodic
ZTF18adfydsy,Periodic-Other,EA,Periodic,Periodic
ZTF18adhsteo,YSO,YSO,Stochastic,Stochastic
ZTF18adimwog,CV/Nova,CV/Nova,Periodic,Stochastic
ZTF18adivbty,CV/Nova,CV/Nova,Periodic,Stochastic
ZTF18adivojv,EB/EW,EB/EW,Periodic,Periodic
ZTF18adixhfl,Periodic-Other,EB/EW,Periodic,Periodic
ZTF18adixilo,Periodic-Other,EB/EW,Periodic,Periodic
ZTF18adjegbf,RRLab,RRLab,Periodic,Periodic
ZTF18adjlplb,Periodic-Other,Periodic-Other,Periodic,Periodic
ZTF18adjrbsu,CEP,CEP,Periodic,Periodic
ZTF18adjrobw,EB/EW,EB/EW,Periodic,Periodic
ZTF18adjrreu,RRLab,RRLab,Periodic,Periodic
ZTF18adjsoqo,Periodic-Other,Periodic-Other,Periodic,Periodic
ZTF18adjspvf,EB/EW,EB/EW,Periodic,Periodic
ZTF18adjugfs,LPV,YSO,Periodic,Stochastic
ZTF18adjujey,LPV,CV/Nova,Periodic,Stochastic
ZTF18adjwlta,CV/Nova,CV/Nova,Stochastic,Transient
ZTF18adjxdos,LPV,YSO,Periodic,Stochastic
ZTF18adjxtvr,CV/Nova,CV/Nova,Periodic,Stochastic
ZTF18adkbifn,CEP,EA,Periodic,Periodic
ZTF18adkbkyl,EB/EW,EB/EW,Periodic,Periodic
ZTF18adkcnud,Periodic-Other,Periodic-Other,Periodic,Periodic
ZTF18adkcxwf,EB/EW,EB/EW,Periodic,Periodic
ZTF18adkemqg,CV/Nova,CV/Nova,Periodic,Stochastic
ZTF18adkfhwx,RSCVn,Microlensing,Periodic,Stochastic
ZTF18adkfoug,LPV,CV/Nova,Periodic,Stochastic
ZTF18adkhxtz,EB/EW,EB/EW,Periodic,Periodic
ZTF18adkibfh,LPV,YSO,Periodic,Periodic
ZTF18adkjjcw,Periodic-Other,Periodic-Other,Periodic,Periodic
ZTF18adkmzby,LPV,YSO,Periodic,Stochastic
ZTF18adkntso,YSO,CV/Nova,Stochastic,Stochastic
ZTF18adkoarl,LPV,LPV,Periodic,Periodic
ZTF18adkpdmd,LPV,LPV,Periodic,Periodic
ZTF18adkpdrl,EA,CV/Nova,Periodic,Periodic
ZTF18adkprae,LPV,CV/Nova,Periodic,Stochastic
ZTF18adkprxc,LPV,YSO,Periodic,Stochastic
ZTF18adkryda,YSO,YSO,Stochastic,Stochastic
ZTF18adktfom,LPV,CV/Nova,Periodic,Stochastic
ZTF18adkuuwo,LPV,YSO,Periodic,Stochastic
ZTF18adkvcft,EA,EA,Periodic,Periodic
ZTF18adkwfea,LPV,CV/Nova,Periodic,Stochastic
ZTF18adkwhhh,LPV,YSO,Periodic,Periodic
ZTF18adkwmrn,Periodic-Other,CV/Nova,Periodic,Periodic
ZTF18adkxwyn,RRLc,RRLc,Periodic,Periodic
ZTF18adlable,RRLab,RRLab,Periodic,Periodic
ZTF18adlbsxg,CV/Nova,CV/Nova,Periodic,Stochastic
ZTF18adlbzhe,Periodic-Other,CV/Nova,Periodic,Periodic
ZTF18adlebux,Periodic-Other,CV/Nova,Periodic,Periodic
ZTF18adlfwsc,TDE,SLSN,Stochastic,Transient
ZTF18adliizp,RSCVn,EA,Periodic,Periodic
ZTF18adliytv,QSO,CV/Nova,Stochastic,Stochastic
ZTF18adljijk,LPV,YSO,Periodic,Stochastic
ZTF18adlklhr,Periodic-Other,RRLc,Periodic,Periodic
ZTF18adllvdm,EB/EW,EB/EW,Periodic,Periodic
ZTF18adlodfn,CV/Nova,CV/Nova,Stochastic,Stochastic
ZTF18adlpayt,RSCVn,YSO,Periodic,Periodic
ZTF18adlpcbv,LPV,YSO,Periodic,Stochastic
ZTF18adlqblv,LPV,YSO,Periodic,Stochastic
ZTF18adlqezx,LPV,CV/Nova,Periodic,Periodic
ZTF18adlqgbd,EA,EA,Periodic,Periodic
ZTF18adlsdfx,Periodic-Other,EB/EW,Periodic,Periodic
ZTF18adltqqj,Periodic-Other,RRLc,Periodic,Periodic
ZTF18adltrvq,EB/EW,EB/EW,Periodic,Periodic
ZTF18adlvvkp,RSCVn,YSO,Periodic,Periodic
ZTF18adlvxlj,YSO,YSO,Periodic,Stochastic
ZTF18adlvzgr,RSCVn,YSO,Periodic,Stochastic
ZTF18adlwoej,LPV,YSO,Periodic,Stochastic
ZTF18adlwtat,LPV,YSO,Periodic,Stochastic
ZTF18adlwttb,LPV,YSO,Periodic,Periodic
ZTF18adlyrmi,EB/EW,EB/EW,Periodic,Periodic
ZTF18adlywni,Periodic-Other,EB/EW,Periodic,Periodic
ZTF18admabeq,LPV,LPV,Periodic,Periodic
ZTF18admackr,EA,YSO,Periodic,Stochastic
ZTF18admafbk,LPV,CV/Nova,Periodic,Periodic
ZTF18admahoc,LPV,CV/Nova,Periodic,Stochastic
ZTF18admahpy,LPV,CV/Nova,Periodic,Stochastic
ZTF18admalbe,LPV,LPV,Periodic,Stochastic
ZTF18admarhi,YSO,CV/Nova,Stochastic,Stochastic
ZTF18admazyf,LPV,LPV,Periodic,Stochastic
ZTF18admbvno,CV/Nova,CV/Nova,Stochastic,Stochastic
ZTF18admbvnu,LPV,LPV,Periodic,Periodic
ZTF18admbwej,RRLc,RRLc,Periodic,Periodic
ZTF18admcrll,RSCVn,CEP,Periodic,Periodic
ZTF18admctiy,RRLab,RRLab,Periodic,Periodic
ZTF18admeimc,RSCVn,YSO,Periodic,Periodic
ZTF18admeoms,Periodic-Other,EB/EW,Periodic,Periodic
ZTF18admewrf,Periodic-Other,EB/EW,Periodic,Periodic
ZTF18admfqoj,LPV,YSO,Periodic,Stochastic
ZTF18admfsak,Periodic-Other,Periodic-Other,Periodic,Periodic
ZTF18admgaft,RRLab,CV/Nova,Periodic,Periodic
ZTF18admgijg,EB/EW,EB/EW,Periodic,Periodic
ZTF18admhzrt,RSCVn,YSO,Periodic,Stochastic
ZTF18admiflp,LPV,LPV,Periodic,Stochastic
ZTF18admihap,LPV,YSO,Periodic,Stochastic
ZTF18admjghp,RSCVn,CV/Nova,Periodic,Periodic
ZTF18admjkrl,LPV,CV/Nova,Periodic,Periodic
ZTF18admljab,LPV,YSO,Periodic,Periodic
ZTF18admoaox,RSCVn,EA,Periodic,Periodic
ZTF18admpwsi,EA,EA,Periodic,Periodic
ZTF18admrlum,CV/Nova,CV/Nova,Periodic,Stochastic
ZTF18admwead,Periodic-Other,Periodic-Other,Periodic,Periodic
ZTF18adnauog,RRLab,RRLab,Periodic,Periodic
ZTF18adnbubf,LPV,CV/Nova,Periodic,Stochastic
ZTF18adncmtl,EB/EW,EB/EW,Periodic,Periodic
ZTF18adnddgj,EB/EW,EB/EW,Periodic,Periodic
ZTF18adndqbr,EB/EW,EB/EW,Periodic,Periodic
ZTF18adnglyh,Periodic-Other,CV/Nova,Periodic,Periodic
ZTF18adnkfih,EA,EA,Periodic,Periodic
ZTF18adnkiev,LPV,YSO,Periodic,Stochastic
ZTF18adnlmte,RSCVn,YSO,Periodic,Periodic
ZTF18adnqdyw,EA,YSO,Periodic,Periodic
ZTF18adnxfqc,YSO,YSO,Stochastic,Stochastic
ZTF18adnyjvy,Periodic-Other,CV/Nova,Periodic,Periodic
ZTF18adoahps,LPV,CEP,Periodic,Periodic
ZTF18adoexuz,QSO,CV/Nova,Stochastic,Stochastic
ZTF18adpmjqp,EB/EW,EB/EW,Periodic,Periodic
ZTF18adpqrae,RSCVn,YSO,Periodic,Periodic
ZTF18adptpcz,Periodic-Other,CV/Nova,Periodic,Periodic
ZTF18adpvkvn,Periodic-Other,CV/Nova,Periodic,Transient
ZTF18adpxjkw,CV/Nova,CV/Nova,Periodic,Transient
ZTF18adpxlif,Periodic-Other,Periodic-Other,Periodic,Periodic
ZTF18adqfzfb,CEP,CEP,Periodic,Periodic
ZTF18adqhuga,LPV,YSO,Periodic,Periodic
ZTF18adqinjm,RRLc,RRLc,Periodic,Periodic
ZTF18adqinkf,Periodic-Other,CV/Nova,Periodic,Periodic
ZTF18adqiykl,RSCVn,YSO,Periodic,Stochastic
ZTF18adqowtd,Periodic-Other,CV/Nova,Periodic,Periodic
ZTF18adqpoqj,LPV,YSO,Periodic,Stochastic
ZTF18adqqseg,EA,EA,Periodic,Periodic
ZTF18adqxhww,RRLab,RRLab,Periodic,Periodic
ZTF18adrduki,CV/Nova,CV/Nova,Stochastic,Transient
ZTF18adrmjzk,RSCVn,YSO,Periodic,Stochastic
ZTF18adrttuj,LPV,YSO,Periodic,Stochastic
ZTF18adrulcs,EB/EW,EB/EW,Periodic,Periodic
ZTF18adrwvgp,LPV,YSO,Periodic,Stochastic
ZTF18adrwwkp,LPV,YSO,Periodic,Stochastic
ZTF19aaafnvs,QSO,CV/Nova,Stochastic,Stochastic
ZTF19aaafpee,EB/EW,EB/EW,Periodic,Periodic
ZTF19aaafqdn,YSO,YSO,Periodic,Periodic
ZTF19aaahevl,EB/EW,EB/EW,Periodic,Periodic
ZTF19aaahjbg,QSO,CV/Nova,Stochastic,Stochastic
ZTF19aaahwpo,LPV,YSO,Periodic,Stochastic
ZTF19aaailmi,Periodic-Other,CV/Nova,Periodic,Stochastic
ZTF19aaakdwd,EB/EW,EB/EW,Periodic,Periodic
ZTF19aaamavj,RSCVn,CV/Nova,Periodic,Periodic
ZTF19aaaqlaq,QSO,CV/Nova,Stochastic,Stochastic
ZTF19aaaqvxa,Periodic-Other,CV/Nova,Periodic,Periodic
ZTF19aaaqynq,RSCVn,EA,Periodic,Periodic
ZTF19aaarbsh,CV/Nova,CV/Nova,Periodic,Stochastic
ZTF19aaaucvp,Periodic-Other,CV/Nova,Periodic,Periodic
ZTF19aaavkfl,EA,CV/Nova,Periodic,Periodic
ZTF19aaavkyd,CV/Nova,CV/Nova,Periodic,Stochastic
ZTF19aaavqxi,CV/Nova,CV/Nova,Periodic,Transient
ZTF19aaavwtz,Periodic-Other,CV/Nova,Periodic,Periodic
ZTF19aaawfda,Periodic-Other,CV/Nova,Periodic,Periodic
ZTF19aaawupg,YSO,YSO,Periodic,Stochastic
ZTF19aaayyho,CV/Nova,CV/Nova,Periodic,Stochastic
ZTF19aaazish,RSCVn,CV/Nova,Periodic,Stochastic
ZTF19aabhasa,AGN,TDE,Stochastic,Transient
ZTF19aabhwom,RSCVn,CV/Nova,Periodic,Stochastic
ZTF19aabiqph,YSO,YSO,Stochastic,Stochastic
ZTF19aabjgmh,Blazar,CV/Nova,Stochastic,Stochastic
ZTF19aabjkqs,RSCVn,YSO,Periodic,Periodic
ZTF19aabjtvb,CV/Nova,CV/Nova,Periodic,Stochastic
ZTF19aabkjoq,QSO,CV/Nova,Stochastic,Stochastic
ZTF19aabkxkk,LPV,CV/Nova,Periodic,Stochastic
ZTF19aablcht,YSO,CV/Nova,Stochastic,Stochastic
ZTF19aablseh,Periodic-Other,Periodic-Other,Periodic,Periodic
ZTF19aabmsri,RSCVn,YSO,Periodic,Stochastic
ZTF19aabpmlj,RSCVn,CV/Nova,Periodic,Stochastic
ZTF19aabwafv,Periodic-Other,CV/Nova,Periodic,Periodic
ZTF19aabwfga,DSCT,CV/Nova,Periodic,Stochastic
ZTF19aabydys,CV/Nova,CV/Nova,Periodic,Stochastic
ZTF19aabztxw,LPV,YSO,Periodic,Stochastic
ZTF19aacbdwr,CV/Nova,CV/Nova,Periodic,Transient
ZTF19aacbglh,CV/Nova,CV/Nova,Periodic,Stochastic
ZTF19aacbrpm,Periodic-Other,CV/Nova,Periodic,Stochastic
ZTF19aaccbjy,CV/Nova,CV/Nova,Periodic,Stochastic
ZTF19aaccmsr,Periodic-Other,CV/Nova,Periodic,Stochastic
ZTF19aacdfco,Periodic-Other,CV/Nova,Periodic,Periodic
ZTF19aacdflg,CV/Nova,CV/Nova,Periodic,Transient
ZTF19aacegrg,DSCT,CV/Nova,Periodic,Stochastic
ZTF19aacirhm,Periodic-Other,YSO,Periodic,Stochastic
ZTF19aaclbcy,CV/Nova,CV/Nova,Periodic,Stochastic
ZTF19aaclbqu,CEP,YSO,Periodic,Stochastic
ZTF19aacnidl,CV/Nova,CV/Nova,Periodic,Stochastic
ZTF19aacnkmc,Periodic-Other,CV/Nova,Periodic,Stochastic
ZTF19aacnsjf,CV/Nova,CV/Nova,Periodic,Stochastic
ZTF19aacnudr,CV/Nova,CV/Nova,Stochastic,Stochastic
ZTF19aacpjcu,CV/Nova,CV/Nova,Periodic,Periodic
ZTF19aacpupy,QSO,CV/Nova,Stochastic,Stochastic
ZTF19aacqsua,CV/Nova,CV/Nova,Periodic,Stochastic
ZTF19aacroqq,Periodic-Other,CV/Nova,Periodic,Periodic
ZTF19aadhswu,Periodic-Other,CV/Nova,Periodic,Stochastic
ZTF19aadhykp,CV/Nova,CV/Nova,Periodic,Transient
ZTF19aadioqf,CV/Nova,CV/Nova,Periodic,Stochastic
ZTF19aadiysk,Periodic-Other,CV/Nova,Periodic,Stochastic
ZTF19aadiyso,Periodic-Other,CV/Nova,Periodic,Stochastic
ZTF19aadjdvq,CV/Nova,CV/Nova,Periodic,Stochastic
ZTF19aadjeul,Periodic-Other,CV/Nova,Periodic,Stochastic
ZTF19aadjhld,CV/Nova,CV/Nova,Periodic,Stochastic
ZTF19aadjmqf,RSCVn,YSO,Periodic,Periodic
ZTF19aadkabi,Periodic-Other,Periodic-Other,Periodic,Periodic
ZTF19aadkdyz,CV/Nova,CV/Nova,Periodic,Stochastic
ZTF19aadkjki,Periodic-Other,CV/Nova,Periodic,Periodic
ZTF19aadldyq,CV/Nova,CV/Nova,Periodic,Stochastic
ZTF19aadnxrd,Periodic-Other,CV/Nova,Periodic,Periodic
ZTF19aadordx,YSO,CV/Nova,Periodic,Stochastic
ZTF19aadoseq,EB/EW,EB/EW,Periodic,Periodic
ZTF19aadoujj,YSO,YSO,Periodic,Stochastic
ZTF19aadowig,YSO,YSO,Periodic,Stochastic
ZTF19aadpvbk,CV/Nova,CV/Nova,Periodic,Stochastic
ZTF19aadrztk,CV/Nova,CV/Nova,Periodic,Stochastic
ZTF19aaduorr,Periodic-Other,EB/EW,Periodic,Periodic
ZTF19aadwfxw,EA,EA,Periodic,Periodic
ZTF19aadwklf,Periodic-Other,RRLc,Periodic,Periodic
ZTF19aadwlri,Periodic-Other,CV/Nova,Periodic,Transient
ZTF19aadypkh,QSO,CV/Nova,Stochastic,Stochastic
ZTF19aadyqiw,RRLab,RRLab,Periodic,Periodic
ZTF19aadyzny,LPV,YSO,Periodic,Stochastic
ZTF19aaeadki,YSO,CV/Nova,Stochastic,Stochastic
ZTF19aaedubn,CV/Nova,CV/Nova,Periodic,Stochastic
ZTF19aaeeouf,Periodic-Other,EA,Periodic,Periodic
ZTF19aaeevjy,YSO,YSO,Stochastic,Stochastic
ZTF19aaefxtz,YSO,CV/Nova,Periodic,Stochastic
ZTF19aaekaln,Periodic-Other,YSO,Periodic,Periodic
ZTF19aaengbn,RSCVn,YSO,Periodic,Stochastic
ZTF19aaeovxf,LPV,YSO,Periodic,Stochastic
ZTF19aaepewz,Periodic-Other,EB/EW,Periodic,Periodic
ZTF19aaeqvzm,RSCVn,YSO,Periodic,Stochastic
ZTF19aaercgg,Periodic-Other,Periodic-Other,Periodic,Periodic
ZTF19aaernte,Periodic-Other,YSO,Periodic,Stochastic
ZTF19aaestau,LPV,CV/Nova,Periodic,Stochastic
ZTF19aaeujky,EA,EA,Periodic,Periodic
ZTF19aaeuyua,RSCVn,CV/Nova,Periodic,Periodic
ZTF19aaewppm,CV/Nova,CV/Nova,Periodic,Stochastic
ZTF19aafavws,CV/Nova,CV/Nova,Periodic,Stochastic
ZTF19aafncsz,CV/Nova,CV/Nova,Periodic,Stochastic
ZTF19aafnndk,Periodic-Other,Periodic-Other,Periodic,Periodic
ZTF19aafnplv,LPV,YSO,Periodic,Stochastic
ZTF19aafnseu,LPV,YSO,Periodic,Stochastic
ZTF19aafnsmp,RSCVn,YSO,Periodic,Stochastic
ZTF19aafntaz,LPV,LPV,Periodic,Stochastic
ZTF19aafntme,LPV,YSO,Periodic,Stochastic
ZTF19aafomnr,Periodic-Other,Periodic-Other,Periodic,Periodic
ZTF19aafurbs,CV/Nova,CV/Nova,Stochastic,Stochastic
ZTF19aafwnxd,Periodic-Other,CV/Nova,Periodic,Stochastic
ZTF19aagequx,Periodic-Other,CV/Nova,Periodic,Periodic
ZTF19aagfucd,LPV,CV/Nova,Periodic,Stochastic
ZTF19aagilsj,Periodic-Other,CV/Nova,Periodic,Stochastic
ZTF19aagizca,LPV,YSO,Periodic,Stochastic
ZTF19aagmctc,Periodic-Other,CV/Nova,Periodic,Periodic
ZTF19aagmhjj,CV/Nova,CV/Nova,Periodic,Stochastic
ZTF19aagqbbx,Periodic-Other,CV/Nova,Periodic,Stochastic
ZTF19aagqbcw,Periodic-Other,CV/Nova,Periodic,Transient
ZTF19aagrues,CV/Nova,CV/Nova,Periodic,Stochastic
ZTF19aagsayo,CV/Nova,CV/Nova,Periodic,Transient
ZTF19aagxgcf,RSCVn,RSCVn,Periodic,Periodic
ZTF19aagzdcd,CEP,CEP,Periodic,Periodic
ZTF19aagziht,Periodic-Other,EA,Periodic,Periodic
ZTF19aahhifl,RSCVn,YSO,Periodic,Periodic
ZTF19aailraw,QSO,CV/Nova,Stochastic,Stochastic
ZTF19aaimiyq,LPV,YSO,Periodic,Stochastic
ZTF19aaimlwa,LPV,YSO,Periodic,Stochastic
ZTF19aaimovh,LPV,CV/Nova,Periodic,Stochastic
ZTF19aainctm,Periodic-Other,CV/Nova,Periodic,Periodic
ZTF19aainemv,RSCVn,RSCVn,Periodic,Periodic
ZTF19aajdqhd,CV/Nova,CV/Nova,Periodic,Transient
ZTF19aajgjxp,Periodic-Other,CV/Nova,Periodic,Transient
ZTF19aajgsfp,CV/Nova,CV/Nova,Periodic,Periodic
ZTF19aajsjyi,RSCVn,YSO,Periodic,Stochastic
ZTF19aakmqqe,CV/Nova,CV/Nova,Periodic,Stochastic
ZTF19aaksnol,QSO,CV/Nova,Stochastic,Stochastic
ZTF19aakytxn,RSCVn,CV/Nova,Periodic,Stochastic
ZTF19aakzdky,CV/Nova,CV/Nova,Periodic,Stochastic
ZTF19aakzzvg,CV/Nova,CV/Nova,Periodic,Stochastic
ZTF19aalbnnc,CV/Nova,CV/Nova,Periodic,Stochastic
ZTF19aalbzua,LPV,YSO,Periodic,Periodic
ZTF19aalfvgg,Periodic-Other,CV/Nova,Periodic,Stochastic
ZTF19aalivwq,Periodic-Other,CV/Nova,Periodic,Periodic
ZTF19aallycl,CV/Nova,CV/Nova,Periodic,Stochastic
ZTF19aalnewl,CV/Nova,CV/Nova,Periodic,Transient
ZTF19aalngfx,CV/Nova,CV/Nova,Periodic,Transient
ZTF19aaltudp,CV/Nova,CV/Nova,Periodic,Stochastic
ZTF19aaluiok,Periodic-Other,CV/Nova,Periodic,Periodic
ZTF19aalvmdz,YSO,Microlensing,Periodic,Stochastic
ZTF19aambxjk,CV/Nova,CV/Nova,Periodic,Stochastic
ZTF19aamnxha,LPV,CV/Nova,Periodic,Stochastic
ZTF19aamopya,RSCVn,CEP,Periodic,Periodic
ZTF19aamqzpa,QSO,CV/Nova,Stochastic,Stochastic
ZTF19aamremj,LPV,CV/Nova,Periodic,Periodic
ZTF19aamwyvy,Periodic-Other,CV/Nova,Periodic,Periodic
ZTF19aamxuow,CV/Nova,CV/Nova,Periodic,Stochastic
ZTF19aamydpa,CEP,CV/Nova,Periodic,Stochastic
ZTF19aanxcud,QSO,CV/Nova,Stochastic,Stochastic
ZTF19aanyjzx,QSO,CV/Nova,Stochastic,Stochastic
ZTF19aanyksu,EA,Microlensing,Periodic,Stochastic
ZTF19aanysjb,RSCVn,YSO,Periodic,Stochastic
ZTF19aanyvzu,RSCVn,YSO,Periodic,Stochastic
ZTF19aanzikq,CV/Nova,CV/Nova,Periodic,Stochastic
ZTF19aaoctkh,LPV,YSO,Periodic,Stochastic
ZTF19aaodbqs,YSO,YSO,Stochastic,Stochastic
ZTF19aaodudr,LPV,YSO,Periodic,Stochastic
ZTF19aaodxpi,LPV,CV/Nova,Periodic,Stochastic
ZTF19aaodxus,LPV,CV/Nova,Periodic,Stochastic
ZTF19aaodymm,RSCVn,YSO,Periodic,Stochastic
ZTF19aaoeias,CV/Nova,CV/Nova,Periodic,Stochastic
ZTF19aaoipqs,CV/Nova,CV/Nova,Periodic,Periodic
ZTF19aaonxsb,LPV,CV/Nova,Periodic,Stochastic
ZTF19aaoosom,LPV,YSO,Periodic,Stochastic
ZTF19aaopkxh,Periodic-Other,CV/Nova,Periodic,Periodic
ZTF19aaorbqb,CV/Nova,CV/Nova,Stochastic,Stochastic
ZTF19aaorbrt,Periodic-Other,CV/Nova,Periodic,Stochastic
ZTF19aaorgbq,YSO,YSO,Periodic,Stochastic
ZTF19aaosxix,CV/Nova,CV/Nova,Periodic,Periodic
ZTF19aaouoit,RSCVn,CV/Nova,Periodic,Periodic
ZTF19aaouvmi,YSO,YSO,Periodic,Stochastic
ZTF19aaovetr,CV/Nova,CV/Nova,Stochastic,Stochastic
ZTF19aaovrdt,CV/Nova,CV/Nova,Periodic,Stochastic
ZTF19aaovuwd,EA,CV/Nova,Periodic,Stochastic
ZTF19aaownrn,CV/Nova,CV/Nova,Periodic,Stochastic
ZTF19aaowwbt,RSCVn,YSO,Periodic,Stochastic
ZTF19aapbfvr,EA,YSO,Periodic,Stochastic
ZTF19aapgcuy,CV/Nova,CV/Nova,Stochastic,Stochastic
ZTF19aapgzse,QSO,CV/Nova,Stochastic,Stochastic
ZTF19aaphbpx,LPV,YSO,Periodic,Stochastic
ZTF19aaphhhv,EA,EA,Periodic,Periodic
ZTF19aapjyhm,Periodic-Other,CV/Nova,Periodic,Stochastic
ZTF19aapqcip,YSO,CV/Nova,Stochastic,Stochastic
ZTF19aapqeaj,CV/Nova,CV/Nova,Stochastic,Stochastic
ZTF19aapqhid,LPV,YSO,Periodic,Stochastic
ZTF19aapqlhc,LPV,YSO,Periodic,Stochastic
ZTF19aapqnbc,LPV,CV/Nova,Periodic,Stochastic
ZTF19aapqpjs,LPV,YSO,Periodic,Stochastic
ZTF19aapqrcq,LPV,YSO,Periodic,Stochastic
ZTF19aapquuq,LPV,YSO,Periodic,Periodic
ZTF19aapquva,CV/Nova,CV/Nova,Stochastic,Stochastic
ZTF19aapqvrv,LPV,CV/Nova,Periodic,Stochastic
ZTF19aaprbve,RSCVn,YSO,Periodic,Periodic
ZTF19aaprgib,RSCVn,YSO,Periodic,Stochastic
ZTF19aaprlds,LPV,LPV,Periodic,Periodic
ZTF19aaprrvg,YSO,CV/Nova,Stochastic,Stochastic
ZTF19aaprwbg,Periodic-Other,CV/Nova,Periodic,Transient
ZTF19aaprwcf,Periodic-Other,CV/Nova,Periodic,Periodic
ZTF19aapwgjs,RSCVn,YSO,Periodic,Periodic
ZTF19aapwkef,RSCVn,CV/Nova,Periodic,Stochastic
ZTF19aapwpiv,LPV,YSO,Periodic,Stochastic
ZTF19aapwykm,RSCVn,RSCVn,Periodic,Periodic
ZTF19aapzucl,CV/Nova,CV/Nova,Periodic,Transient
ZTF19aaqakhm,LPV,YSO,Periodic,Stochastic
ZTF19aaqezsv,CV/Nova,CV/Nova,Periodic,Stochastic
ZTF19aaqgfpm,YSO,YSO,Periodic,Stochastic
ZTF19aaqkfyf,CV/Nova,CV/Nova,Periodic,Transient
ZTF19aaqkkrl,CV/Nova,CV/Nova,Stochastic,Stochastic
ZTF19aaqmjme,CV/Nova,CV/Nova,Periodic,Stochastic
ZTF19aaqmsmb,Periodic-Other,CV/Nova,Periodic,Periodic
ZTF19aaqoyro,CV/Nova,CV/Nova,Periodic,Stochastic
ZTF19aaqpkze,Periodic-Other,CV/Nova,Periodic,Periodic
ZTF19aaqqjcl,Periodic-Other,CV/Nova,Periodic,Periodic
ZTF19aaqqsfx,CV/Nova,CV/Nova,Periodic,Stochastic
ZTF19aaqqszw,Periodic-Other,CV/Nova,Periodic,Periodic
ZTF19aaqrorl,LPV,CV/Nova,Periodic,Stochastic
ZTF19aaqsagp,YSO,YSO,Stochastic,Stochastic
ZTF19aaqsewa,RSCVn,YSO,Periodic,Stochastic
ZTF19aaqshnh,LPV,YSO,Periodic,Stochastic
ZTF19aaqsytk,RSCVn,Microlensing,Periodic,Stochastic
ZTF19aaqsyye,CEP,YSO,Periodic,Periodic
ZTF19aaqvwkv,CV/Nova,CV/Nova,Stochastic,Stochastic
ZTF19aaqvzqt,CV/Nova,CV/Nova,Periodic,Transient
ZTF19aaqwjro,CV/Nova,CV/Nova,Periodic,Stochastic
ZTF19aaqyuqk,LPV,YSO,Periodic,Stochastic
ZTF19aaqztcg,CV/Nova,CV/Nova,Periodic,Stochastic
ZTF19aardlwd,EA,CV/Nova,Periodic,Periodic
ZTF19aargevd,LPV,YSO,Periodic,Stochastic
ZTF19aargmqv,LPV,YSO,Periodic,Stochastic
ZTF19aargqge,LPV,YSO,Periodic,Stochastic
ZTF19aarguns,LPV,YSO,Periodic,Stochastic
ZTF19aargusj,LPV,CV/Nova,Periodic,Stochastic
ZTF19aargwbh,LPV,YSO,Periodic,Stochastic
ZTF19aarlagm,EB/EW,EB/EW,Periodic,Periodic
ZTF19aaruucj,QSO,CV/Nova,Stochastic,Stochastic
ZTF19aasdmov,CV/Nova,CV/Nova,Periodic,Periodic
ZTF19aasdndh,CV/Nova,CV/Nova,Periodic,Stochastic
ZTF19aasdqha,Periodic-Other,RRLab,Periodic,Periodic
ZTF19aasdrjg,RSCVn,CV/Nova,Periodic,Stochastic
ZTF19aasexoa,QSO,Microlensing,Stochastic,Stochastic
ZTF19aasfsrh,RSCVn,YSO,Periodic,Stochastic
ZTF19aasfwbp,QSO,CV/Nova,Stochastic,Stochastic
ZTF19aasgcsk,Periodic-Other,YSO,Periodic,Periodic
ZTF19aasgieh,RSCVn,YSO,Periodic,Stochastic
ZTF19aasgizt,Periodic-Other,YSO,Periodic,Periodic
ZTF19aasgtzl,LPV,YSO,Periodic,Stochastic
ZTF19aashaua,CV/Nova,CV/Nova,Periodic,Stochastic
ZTF19aashedd,LPV,CV/Nova,Periodic,Stochastic
ZTF19aasikmj,LPV,YSO,Periodic,Stochastic
ZTF19aasiujk,RSCVn,YSO,Periodic,Periodic
ZTF19aasixzu,LPV,CV/Nova,Periodic,Stochastic
ZTF19aasjgxz,LPV,YSO,Periodic,Stochastic
ZTF19aasmqvl,Microlensing,CV/Nova,Periodic,Stochastic
ZTF19aasrgix,AGN,CV/Nova,Stochastic,Stochastic
ZTF19aasroyn,YSO,CV/Nova,Stochastic,Stochastic
ZTF19aassahp,YSO,CV/Nova,Periodic,Stochastic
ZTF19aassutx,YSO,EA,Periodic,Periodic
ZTF19aasuree,Periodic-Other,CV/Nova,Periodic,Periodic
ZTF19aasybvq,Periodic-Other,CV/Nova,Periodic,Periodic
ZTF19aatauju,Periodic-Other,CV/Nova,Periodic,Periodic
ZTF19aatawzn,CV/Nova,CV/Nova,Periodic,Transient
ZTF19aatenyx,Periodic-Other,CV/Nova,Periodic,Periodic
ZTF19aatewti,Periodic-Other,CV/Nova,Periodic,Periodic
ZTF19aathlkq,LPV,YSO,Periodic,Stochastic
ZTF19aathzzv,LPV,YSO,Periodic,Stochastic
ZTF19aatsndl,RSCVn,CV/Nova,Periodic,Stochastic
ZTF19aattriq,LPV,YSO,Periodic,Stochastic
ZTF19aattsvh,LPV,YSO,Periodic,Periodic
ZTF19aattuik,LPV,YSO,Periodic,Stochastic
ZTF19aattxgp,LPV,YSO,Periodic,Stochastic
ZTF19aatugwt,RSCVn,CV/Nova,Periodic,Stochastic
ZTF19aatuuvv,LPV,CV/Nova,Periodic,Stochastic
ZTF19aatuzli,LPV,CEP,Periodic,Periodic
ZTF19aatvabz,LPV,LPV,Periodic,Periodic
ZTF19aatvbwt,LPV,LPV,Periodic,Periodic
ZTF19aatvnvi,AGN,CV/Nova,Stochastic,Stochastic
ZTF19aatvxcu,LPV,YSO,Periodic,Stochastic
ZTF19aatyqze,DSCT,DSCT,Periodic,Periodic
ZTF19aatyrph,EA,CV/Nova,Periodic,Periodic
ZTF19aauaoxs,LPV,CV/Nova,Stochastic,Stochastic
ZTF19aaucran,EA,Microlensing,Periodic,Stochastic
ZTF19aaudkti,CV/Nova,CV/Nova,Periodic,Stochastic
ZTF19aaueiph,LPV,CV/Nova,Periodic,Stochastic
ZTF19aauejos,SNIa,SNIa,Transient,Transient
ZTF19aaueolk,YSO,YSO,Periodic,Stochastic
ZTF19aaueseh,LPV,YSO,Periodic,Stochastic
ZTF19aaufbck,LPV,YSO,Periodic,Stochastic
ZTF19aauurht,CV/Nova,CV/Nova,Transient,Transient
ZTF19aauutpu,CV/Nova,CV/Nova,Periodic,Stochastic
ZTF19aauyurg,LPV,YSO,Periodic,Periodic
ZTF19aauyvkr,LPV,YSO,Periodic,Stochastic
ZTF19aauyvrt,LPV,LPV,Periodic,Periodic
ZTF19aauywai,LPV,YSO,Periodic,Stochastic
ZTF19aauywbn,LPV,CV/Nova,Periodic,Stochastic
ZTF19aavaiha,EA,YSO,Periodic,Stochastic
ZTF19aavefcq,Periodic-Other,EA,Periodic,Periodic
ZTF19aavhlyq,YSO,CV/Nova,Stochastic,Stochastic
ZTF19aavitjc,RSCVn,YSO,Periodic,Stochastic
ZTF19aavotur,Periodic-Other,CV/Nova,Periodic,Periodic
ZTF19aavpwai,YSO,YSO,Periodic,Stochastic
ZTF19aavpzdz,LPV,YSO,Periodic,Stochastic
ZTF19aavrdky,QSO,CV/Nova,Stochastic,Stochastic
ZTF19aavtqca,LPV,YSO,Periodic,Stochastic
ZTF19aavvfrb,CV/Nova,CV/Nova,Stochastic,Stochastic
ZTF19aavvfvr,RSCVn,YSO,Periodic,Stochastic
ZTF19aavvleo,CEP,CEP,Periodic,Periodic
ZTF19aavvogl,Periodic-Other,CV/Nova,Periodic,Periodic
ZTF19aavvvkt,YSO,YSO,Stochastic,Stochastic
ZTF19aavxsdx,AGN,SNIIn,Stochastic,Transient
ZTF19aawbibj,RSCVn,YSO,Periodic,Stochastic
ZTF19aawcbge,LPV,YSO,Periodic,Stochastic
ZTF19aawcfsz,LPV,CV/Nova,Periodic,Periodic
ZTF19aawcftu,LPV,YSO,Periodic,Stochastic
ZTF19aawcfvd,LPV,YSO,Periodic,Stochastic
ZTF19aawcfvg,LPV,YSO,Periodic,Stochastic
ZTF19aawfwto,RSCVn,Microlensing,Periodic,Stochastic
ZTF19aawjntl,QSO,CV/Nova,Stochastic,Stochastic
ZTF19aawlaau,LPV,YSO,Periodic,Stochastic
ZTF19aawldaz,Periodic-Other,CV/Nova,Periodic,Periodic
ZTF19aawlebi,EB/EW,CV/Nova,Periodic,Periodic
ZTF19aawnatm,CV/Nova,CV/Nova,Periodic,Stochastic
ZTF19aawnijy,LPV,LPV,Periodic,Periodic
ZTF19aawpqst,EA,EA,Periodic,Periodic
ZTF19aawqftk,LPV,YSO,Periodic,Stochastic
ZTF19aawqgia,LPV,YSO,Periodic,Stochastic
ZTF19aawqhvw,LPV,CV/Nova,Periodic,Stochastic
ZTF19aawqrii,LPV,CV/Nova,Periodic,Stochastic
ZTF19aawrlel,Periodic-Other,YSO,Periodic,Periodic
ZTF19aawsjuq,Periodic-Other,CV/Nova,Periodic,Periodic
ZTF19aawyygw,LPV,YSO,Periodic,Stochastic
ZTF19aawzlbw,LPV,CV/Nova,Periodic,Stochastic
ZTF19aawzlps,LPV,YSO,Periodic,Stochastic
ZTF19aaxaiih,LPV,YSO,Periodic,Stochastic
ZTF19aaxcldw,CV/Nova,CV/Nova,Periodic,Stochastic
ZTF19aaxdizi,RSCVn,Microlensing,Periodic,Stochastic
ZTF19aaxfrhq,Periodic-Other,Periodic-Other,Periodic,Periodic
ZTF19aaxhktx,YSO,CV/Nova,Periodic,Stochastic
ZTF19aaxhzao,CV/Nova,CV/Nova,Periodic,Stochastic
ZTF19aaximwq,YSO,Microlensing,Periodic,Stochastic
ZTF19aaxioal,YSO,CV/Nova,Periodic,Stochastic
ZTF19aaxkgly,LPV,CEP,Periodic,Periodic
ZTF19aaxmlol,LPV,YSO,Periodic,Stochastic
ZTF19aaxnrut,LPV,YSO,Periodic,Stochastic
ZTF19aaxnxoz,YSO,CV/Nova,Periodic,Stochastic
ZTF19aaybljy,YSO,YSO,Periodic,Stochastic
ZTF19aaybnck,LPV,YSO,Periodic,Stochastic
ZTF19aaycwgi,RRLc,RRLc,Periodic,Periodic
ZTF19aaydvmv,YSO,YSO,Periodic,Stochastic
ZTF19aaydwqv,Periodic-Other,CV/Nova,Periodic,Periodic
ZTF19aayefpm,RRLab,RRLab,Periodic,Periodic
ZTF19aayeodx,Periodic-Other,Periodic-Other,Periodic,Periodic
ZTF19aayhgqs,CV/Nova,CV/Nova,Periodic,Stochastic
ZTF19aayjllm,CV/Nova,CV/Nova,Periodic,Stochastic
ZTF19aaylqet,LPV,YSO,Periodic,Stochastic
ZTF19aaynaxn,CV/Nova,CV/Nova,Periodic,Stochastic
ZTF19aaynhwn,LPV,CV/Nova,Periodic,Periodic
ZTF19aayrdbj,CV/Nova,CV/Nova,Periodic,Transient
ZTF19aayucrb,RSCVn,YSO,Periodic,Stochastic
ZTF19aayuoas,EB/EW,EB/EW,Periodic,Periodic
ZTF19aayupyo,LPV,CV/Nova,Periodic,Periodic
ZTF19aayxtps,CV/Nova,CV/Nova,Stochastic,Stochastic
ZTF19aayxvla,CV/Nova,CV/Nova,Stochastic,Stochastic
ZTF19aayymvh,CV/Nova,CV/Nova,Periodic,Stochastic
ZTF19aayzfue,RSCVn,YSO,Periodic,Stochastic
ZTF19aayzneo,TDE,TDE,Transient,Transient
ZTF19aazajkh,RSCVn,YSO,Periodic,Stochastic
ZTF19aazbfys,CV/Nova,CV/Nova,Stochastic,Stochastic
ZTF19aazbppw,YSO,YSO,Periodic,Periodic
ZTF19aazdwym,Periodic-Other,CV/Nova,Periodic,Periodic
ZTF19aazdzbg,Periodic-Other,CV/Nova,Periodic,Periodic
ZTF19aazeusg,Periodic-Other,CV/Nova,Periodic,Stochastic
ZTF19aazexjj,Periodic-Other,CV/Nova,Periodic,Periodic
ZTF19aazgrpr,LPV,YSO,Periodic,Stochastic
ZTF19aazgufp,LPV,YSO,Periodic,Stochastic
ZTF19aazgvog,LPV,CV/Nova,Periodic,Stochastic
ZTF19aazhjyo,LPV,CV/Nova,Periodic,Stochastic
ZTF19aazhljh,EB/EW,RRLc,Periodic,Periodic
ZTF19aazhlmy,LPV,CV/Nova,Periodic,Stochastic
ZTF19aazhmhs,LPV,LPV,Periodic,Periodic
ZTF19aazhnag,CV/Nova,CV/Nova,Periodic,Stochastic
ZTF19aazhprv,LPV,YSO,Periodic,Stochastic
ZTF19aazhwyj,CV/Nova,CV/Nova,Periodic,Stochastic
ZTF19aazkgfr,CV/Nova,CV/Nova,Transient,Transient
ZTF19aazmpkd,CV/Nova,CV/Nova,Periodic,Stochastic
ZTF19aazqltu,YSO,YSO,Periodic,Stochastic
ZTF19aazsitv,RSCVn,YSO,Periodic,Stochastic
ZTF19aazumdt,LPV,YSO,Periodic,Stochastic
ZTF19aazwjsy,CV/Nova,CV/Nova,Periodic,Stochastic
ZTF19aazwqma,CV/Nova,CV/Nova,Periodic,Stochastic
ZTF19abadups,EA,YSO,Periodic,Periodic
ZTF19abadvsq,LPV,YSO,Periodic,Stochastic
ZTF19abaecwj,LPV,YSO,Periodic,Stochastic
ZTF19abafwhe,YSO,CV/Nova,Stochastic,Stochastic
ZTF19abagfla,LPV,YSO,Periodic,Stochastic
ZTF19abagjfj,RSCVn,CV/Nova,Periodic,Stochastic
ZTF19abagkrv,LPV,CV/Nova,Periodic,Stochastic
ZTF19abagmga,YSO,CV/Nova,Periodic,Stochastic
ZTF19abagqas,LPV,YSO,Periodic,Stochastic
ZTF19abagtbn,LPV,YSO,Periodic,Stochastic
ZTF19abagthd,LPV,YSO,Periodic,Stochastic
ZTF19abahjhd,RSCVn,RSCVn,Periodic,Periodic
ZTF19abaivjt,RSCVn,YSO,Periodic,Stochastic
ZTF19abajtrv,RSCVn,YSO,Periodic,Stochastic
ZTF19abajwsw,Periodic-Other,CV/Nova,Periodic,Periodic
ZTF19abamftx,RSCVn,YSO,Periodic,Stochastic
ZTF19abamhxh,EA,EA,Periodic,Periodic
ZTF19abamtdc,RRLab,RRLab,Periodic,Periodic
ZTF19abanzac,RSCVn,CV/Nova,Periodic,Stochastic
ZTF19abayyos,RSCVn,CV/Nova,Periodic,Stochastic
ZTF19abbagrm,LPV,YSO,Periodic,Stochastic
ZTF19abbgcjb,EA,CV/Nova,Periodic,Periodic
ZTF19abbgmek,Periodic-Other,CV/Nova,Periodic,Periodic
ZTF19abbiape,CEP,CV/Nova,Periodic,Stochastic
ZTF19abbidyf,CV/Nova,CV/Nova,Periodic,Stochastic
ZTF19abbjatq,CV/Nova,CV/Nova,Periodic,Transient
ZTF19abbjvkg,Periodic-Other,CV/Nova,Periodic,Periodic
ZTF19abbjvku,Periodic-Other,CV/Nova,Periodic,Periodic
ZTF19abbkqva,CV/Nova,CV/Nova,Periodic,Stochastic
ZTF19abbldvi,CV/Nova,CV/Nova,Periodic,Stochastic
ZTF19abblvwi,CV/Nova,CV/Nova,Periodic,Transient
ZTF19abbmoyc,Periodic-Other,CV/Nova,Periodic,Periodic
ZTF19abbmzhr,CV/Nova,CV/Nova,Stochastic,Stochastic
ZTF19abbnahr,CV/Nova,CV/Nova,Periodic,Transient
ZTF19abbppgp,CV/Nova,CV/Nova,Periodic,Stochastic
ZTF19abbpzmx,EB/EW,CV/Nova,Periodic,Stochastic
ZTF19abbqqha,Periodic-Other,CV/Nova,Periodic,Periodic
ZTF19abbquhm,Periodic-Other,CV/Nova,Periodic,Stochastic
ZTF19abbrmes,Periodic-Other,EA,Periodic,Periodic
ZTF19abbtvxt,LPV,YSO,Periodic,Stochastic
ZTF19abbvopu,EA,EA,Periodic,Periodic
ZTF19abbvrhg,Periodic-Other,CV/Nova,Periodic,Periodic
ZTF19abbwmlh,Periodic-Other,YSO,Periodic,Periodic
ZTF19abcakyt,RSCVn,YSO,Periodic,Periodic
ZTF19abcdxvu,LPV,LPV,Periodic,Periodic
ZTF19abcenib,RSCVn,YSO,Periodic,Periodic
ZTF19abcfgzq,RRLab,RRLc,Periodic,Periodic
ZTF19abcgmeu,LPV,CV/Nova,Periodic,Stochastic
ZTF19abclyfg,CV/Nova,CV/Nova,Stochastic,Transient
ZTF19abcpiqo,LPV,YSO,Periodic,Stochastic
ZTF19abcpiqs,LPV,CV/Nova,Periodic,Periodic
ZTF19abcpphg,LPV,YSO,Periodic,Periodic
ZTF19abcprng,LPV,LPV,Periodic,Periodic
ZTF19abcpsrh,LPV,LPV,Periodic,Stochastic
ZTF19abcpucl,YSO,CV/Nova,Periodic,Stochastic
ZTF19abcqcru,LPV,CV/Nova,Periodic,Stochastic
ZTF19abcqdxa,LPV,YSO,Periodic,Stochastic
ZTF19abcqhdr,LPV,YSO,Periodic,Stochastic
ZTF19abcqjwp,LPV,YSO,Periodic,Stochastic
ZTF19abcqkjl,LPV,YSO,Periodic,Stochastic
ZTF19abcqqcg,LPV,CEP,Periodic,Periodic
ZTF19abcqszk,LPV,YSO,Periodic,Stochastic
ZTF19abcqvju,LPV,YSO,Periodic,Stochastic
ZTF19abcqzrn,LPV,CV/Nova,Periodic,Transient
ZTF19abcrbwh,LPV,YSO,Periodic,Periodic
ZTF19abcrknf,YSO,YSO,Periodic,Stochastic
ZTF19abcrltf,LPV,CV/Nova,Stochastic,Stochastic
ZTF19abctbkb,LPV,YSO,Periodic,Stochastic
ZTF19abcwqoa,CV/Nova,CV/Nova,Stochastic,Stochastic
ZTF19abcxmzl,LPV,CV/Nova,Stochastic,Stochastic
ZTF19abcxofv,LPV,CV/Nova,Periodic,Stochastic
ZTF19abcxpxe,LPV,YSO,Periodic,Stochastic
ZTF19abcxqrx,LPV,YSO,Periodic,Stochastic
ZTF19abcxxat,YSO,CV/Nova,Stochastic,Stochastic
ZTF19abcymgs,LPV,YSO,Periodic,Stochastic
ZTF19abdeyzf,LPV,CV/Nova,Periodic,Stochastic
ZTF19abdfugy,LPV,YSO,Periodic,Stochastic
ZTF19abdgvlk,CV/Nova,CV/Nova,Stochastic,Stochastic
ZTF19abdhajm,LPV,LPV,Periodic,Periodic
ZTF19abdhpyw,YSO,YSO,Periodic,Stochastic
ZTF19abdjxls,RRLc,RRLc,Periodic,Periodic
ZTF19abdkize,CV/Nova,CV/Nova,Periodic,Stochastic
ZTF19abdockd,RSCVn,YSO,Periodic,Stochastic
ZTF19abdqpvz,QSO,CV/Nova,Stochastic,Stochastic
ZTF19abdxjxe,EB/EW,EB/EW,Periodic,Periodic
ZTF19abdyxnu,QSO,CV/Nova,Stochastic,Stochastic
ZTF19abeeuak,LPV,CV/Nova,Periodic,Periodic
ZTF19abehtoc,AGN,TDE,Stochastic,Stochastic
ZTF19abeopbb,CEP,YSO,Periodic,Stochastic
ZTF19abeqiqd,CV/Nova,CV/Nova,Periodic,Stochastic
ZTF19abeugzd,Microlensing,Microlensing,Periodic,Stochastic
ZTF19abfbqji,YSO,YSO,Periodic,Stochastic
ZTF19abfeiks,LPV,CV/Nova,Periodic,Stochastic
ZTF19abfekgl,CV/Nova,CV/Nova,Periodic,Stochastic
ZTF19abffndc,QSO,CV/Nova,Stochastic,Stochastic
ZTF19abffoao,QSO,CV/Nova,Stochastic,Stochastic
ZTF19abfhqjn,QSO,CV/Nova,Stochastic,Stochastic
ZTF19abfjtsi,LPV,YSO,Periodic,Stochastic
ZTF19abfkgus,LPV,YSO,Periodic,Stochastic
ZTF19abfkohn,LPV,YSO,Periodic,Periodic
ZTF19abfliyc,LPV,YSO,Periodic,Periodic
ZTF19abfltyo,LPV,YSO,Periodic,Stochastic
ZTF19abfxiwm,LPV,YSO,Periodic,Periodic
ZTF19abfxjjq,CV/Nova,CV/Nova,Periodic,Stochastic
ZTF19abfzbvf,LPV,CV/Nova,Periodic,Stochastic
ZTF19abgbzva,LPV,CV/Nova,Periodic,Stochastic
ZTF19abgdvjh,CV/Nova,CV/Nova,Periodic,Stochastic
ZTF19abghywi,YSO,Microlensing,Stochastic,Stochastic
ZTF19abgnjwk,CV/Nova,CV/Nova,Stochastic,Stochastic
ZTF19abgpvpb,LPV,YSO,Periodic,Stochastic
ZTF19abgpymk,RSCVn,CV/Nova,Periodic,Stochastic
ZTF19abgqeij,CEP,YSO,Periodic,Periodic
ZTF19abgralp,EA,YSO,Periodic,Stochastic
ZTF19abgvydb,Periodic-Other,CV/Nova,Periodic,Periodic
ZTF19abgwptn,CV/Nova,CV/Nova,Periodic,Stochastic
ZTF19abgxnly,CV/Nova,CV/Nova,Periodic,Stochastic
ZTF19abgzpze,YSO,YSO,Stochastic,Stochastic
ZTF19abhaics,Periodic-Other,YSO,Periodic,Stochastic
ZTF19abhawhi,Periodic-Other,CV/Nova,Periodic,Periodic
ZTF19abhcnat,EA,Microlensing,Periodic,Stochastic
ZTF19abhddvl,Periodic-Other,Periodic-Other,Periodic,Periodic
ZTF19abhfdkj,LPV,YSO,Periodic,Stochastic
ZTF19abhfepi,LPV,CV/Nova,Periodic,Stochastic
ZTF19abhfgsr,LPV,YSO,Periodic,Stochastic
ZTF19abhfukh,LPV,YSO,Periodic,Stochastic
ZTF19abhgbyh,YSO,CV/Nova,Stochastic,Stochastic
ZTF19abhggpj,LPV,YSO,Periodic,Periodic
ZTF19abhghpk,CV/Nova,CV/Nova,Periodic,Stochastic
ZTF19abhgrla,LPV,Microlensing,Periodic,Stochastic
ZTF19abhlist,LPV,YSO,Periodic,Stochastic
ZTF19abhmarc,LPV,CV/Nova,Periodic,Stochastic
ZTF19abhosix,LPV,YSO,Periodic,Stochastic
ZTF19abhplgg,RSCVn,YSO,Periodic,Stochastic
ZTF19abhqxhg,Periodic-Other,YSO,Periodic,Periodic
ZTF19abhrctv,Periodic-Other,CV/Nova,Periodic,Transient
ZTF19abhstfc,Periodic-Other,CV/Nova,Periodic,Periodic
ZTF19abhtmmh,CV/Nova,CV/Nova,Periodic,Transient
ZTF19abhtmpa,Periodic-Other,CV/Nova,Periodic,Transient
ZTF19abhtuev,CV/Nova,CV/Nova,Periodic,Stochastic
ZTF19abhydrd,CV/Nova,CV/Nova,Periodic,Stochastic
ZTF19abhzano,Periodic-Other,CV/Nova,Periodic,Transient
ZTF19abiaeyg,RSCVn,YSO,Periodic,Stochastic
ZTF19abicaxh,LPV,YSO,Periodic,Stochastic
ZTF19abicjod,LPV,LPV,Periodic,Periodic
ZTF19abigfhc,Periodic-Other,Periodic-Other,Periodic,Periodic
ZTF19abigjbe,CV/Nova,CV/Nova,Periodic,Stochastic
ZTF19abijpzb,LPV,YSO,Periodic,Stochastic
ZTF19abikcpe,LPV,YSO,Periodic,Stochastic
ZTF19abiklyk,LPV,YSO,Periodic,Stochastic
ZTF19abimfcq,EA,EA,Periodic,Periodic
ZTF19abisyyu,CV/Nova,CV/Nova,Periodic,Stochastic
ZTF19abiunhq,RSCVn,YSO,Periodic,Stochastic
ZTF19abiuukf,LPV,YSO,Periodic,Stochastic
ZTF19abjbcrj,CV/Nova,CV/Nova,Periodic,Stochastic
ZTF19abjfdbe,EA,CV/Nova,Periodic,Transient
ZTF19abjfhxp,RSCVn,CV/Nova,Periodic,Stochastic
ZTF19abjgsdv,Periodic-Other,CV/Nova,Periodic,Periodic
ZTF19abjilcg,LPV,CV/Nova,Periodic,Stochastic
ZTF19abjirrq,RSCVn,CV/Nova,Periodic,Stochastic
ZTF19abjjxcz,CV/Nova,CV/Nova,Periodic,Periodic
ZTF19abjlajw,YSO,YSO,Periodic,Stochastic
ZTF19abjnctt,QSO,CV/Nova,Stochastic,Stochastic
ZTF19abjpbai,QSO,CV/Nova,Stochastic,Stochastic
ZTF19abjsxfu,LPV,CV/Nova,Periodic,Stochastic
ZTF19abjtlgo,RRLab,CV/Nova,Periodic,Periodic
ZTF19abjvgaq,CV/Nova,CV/Nova,Periodic,Stochastic
ZTF19abjvonc,CV/Nova,CV/Nova,Periodic,Stochastic
ZTF19abjykrr,CV/Nova,CV/Nova,Periodic,Stochastic
ZTF19abjyoys,CV/Nova,CV/Nova,Periodic,Stochastic
ZTF19abjzwji,YSO,YSO,Stochastic,Periodic
ZTF19abkfzuh,Periodic-Other,CV/Nova,Periodic,Periodic
ZTF19abkhgjn,QSO,CV/Nova,Stochastic,Stochastic
ZTF19abkisab,AGN,CV/Nova,Stochastic,Stochastic
ZTF19abkjgqg,RSCVn,CV/Nova,Periodic,Periodic
ZTF19abklbzq,Periodic-Other,Periodic-Other,Periodic,Periodic
ZTF19abkleez,Periodic-Other,CV/Nova,Periodic,Periodic
ZTF19abkmedt,RSCVn,CV/Nova,Periodic,Stochastic
ZTF19abkmjct,Periodic-Other,Periodic-Other,Periodic,Periodic
ZTF19abknnkr,Periodic-Other,CV/Nova,Periodic,Periodic
ZTF19abknxgn,Periodic-Other,CV/Nova,Periodic,Periodic
ZTF19abkpuwg,CV/Nova,CV/Nova,Periodic,Periodic
ZTF19abktwdk,YSO,YSO,Periodic,Stochastic
ZTF19ablbnbp,CV/Nova,CV/Nova,Periodic,Stochastic
ZTF19ablccqi,Periodic-Other,CV/Nova,Periodic,Periodic
ZTF19ablcjgc,CV/Nova,CV/Nova,Periodic,Stochastic
ZTF19ablicwo,YSO,YSO,Stochastic,Stochastic
ZTF19ablijfr,LPV,YSO,Periodic,Stochastic
ZTF19abliypd,CV/Nova,CV/Nova,Stochastic,Stochastic
ZTF19ablnbip,YSO,Microlensing,Periodic,Stochastic
ZTF19abltcrh,LPV,CV/Nova,Periodic,Stochastic
ZTF19abltcvc,LPV,YSO,Periodic,Stochastic
ZTF19abltrji,LPV,YSO,Periodic,Stochastic
ZTF19ablttmt,YSO,YSO,Periodic,Periodic
ZTF19ablwgiq,CV/Nova,CV/Nova,Stochastic,Stochastic
ZTF19ablzhxd,QSO,CV/Nova,Stochastic,Stochastic
ZTF19abmahhv,CV/Nova,CV/Nova,Periodic,Stochastic
ZTF19abmajlq,EA,CV/Nova,Periodic,Periodic
ZTF19abmfjna,CV/Nova,CV/Nova,Stochastic,Stochastic
ZTF19abmhgci,YSO,CV/Nova,Periodic,Stochastic
ZTF19abmijpi,Periodic-Other,CV/Nova,Periodic,Periodic
ZTF19abmikpr,CV/Nova,CV/Nova,Periodic,Stochastic
ZTF19abmmqub,CV/Nova,CV/Nova,Periodic,Stochastic
ZTF19abmpahy,CV/Nova,CV/Nova,Periodic,Stochastic
ZTF19abmqgos,LPV,YSO,Periodic,Periodic
ZTF19abmqpxu,RSCVn,CV/Nova,Periodic,Stochastic
ZTF19abmrlmr,Periodic-Other,CV/Nova,Periodic,Periodic
ZTF19abmrpwh,RSCVn,CV/Nova,Periodic,Stochastic
ZTF19abmryvu,Periodic-Other,CV/Nova,Periodic,Periodic
ZTF19abmryya,YSO,YSO,Periodic,Stochastic
ZTF19abmsbwu,Periodic-Other,EA,Periodic,Periodic
ZTF19abmsdve,RSCVn,YSO,Periodic,Periodic
ZTF19abmshjv,Periodic-Other,CV/Nova,Periodic,Periodic
ZTF19abmudlq,Periodic-Other,EA,Periodic,Periodic
ZTF19abmxedd,YSO,CV/Nova,Periodic,Stochastic
ZTF19abnawob,Periodic-Other,CV/Nova,Periodic,Periodic
ZTF19abnbpny,Periodic-Other,CV/Nova,Periodic,Periodic
ZTF19abnbwsr,Periodic-Other,CV/Nova,Periodic,Stochastic
ZTF19abnclja,CV/Nova,CV/Nova,Periodic,Stochastic
ZTF19abnemxf,CV/Nova,CV/Nova,Periodic,Stochastic
ZTF19abnerlk,Periodic-Other,CV/Nova,Periodic,Periodic
ZTF19abneytj,RSCVn,YSO,Periodic,Periodic
ZTF19abnfvhj,CV/Nova,CV/Nova,Periodic,Periodic
ZTF19abnfxlq,CV/Nova,CV/Nova,Stochastic,Stochastic
ZTF19abngcrx,RRLab,CV/Nova,Periodic,Periodic
ZTF19abngidu,Periodic-Other,CV/Nova,Periodic,Periodic
ZTF19abngyju,Periodic-Other,CV/Nova,Periodic,Periodic
ZTF19abnhbkv,Periodic-Other,CV/Nova,Periodic,Periodic
ZTF19abnhbtf,Periodic-Other,CV/Nova,Periodic,Periodic
ZTF19abnkvbe,QSO,CV/Nova,Stochastic,Stochastic
ZTF19abnmaeu,LPV,YSO,Periodic,Stochastic
ZTF19abntrdf,RSCVn,CV/Nova,Periodic,Periodic
ZTF19abnvngf,LPV,CV/Nova,Periodic,Stochastic
ZTF19abnwdnp,LPV,CV/Nova,Periodic,Stochastic
ZTF19abnwnuy,EA,CV/Nova,Periodic,Stochastic
ZTF19abnxoke,RSCVn,CV/Nova,Periodic,Stochastic
ZTF19aboaheh,Periodic-Other,CV/Nova,Periodic,Periodic
ZTF19abobnhp,Periodic-Other,EA,Periodic,Periodic
ZTF19abodxan,Periodic-Other,CV/Nova,Periodic,Periodic
ZTF19abohcnt,RSCVn,Microlensing,Periodic,Stochastic
ZTF19abojbmz,CV/Nova,CV/Nova,Periodic,Stochastic
ZTF19abokewk,LPV,YSO,Periodic,Stochastic
ZTF19abolpvd,RSCVn,Microlensing,Periodic,Stochastic
ZTF19abortra,LPV,CV/Nova,Periodic,Periodic
ZTF19abosgfk,EA,EA,Periodic,Periodic
ZTF19abottdw,CV/Nova,CV/Nova,Periodic,Stochastic
ZTF19abpnaxz,LPV,YSO,Periodic,Periodic
ZTF19abpnlpe,YSO,YSO,Periodic,Stochastic
ZTF19abpozxe,CEP,CV/Nova,Periodic,Periodic
ZTF19abpwcmc,DSCT,CV/Nova,Periodic,Stochastic
ZTF19abpzpak,LPV,YSO,Periodic,Stochastic
ZTF19abpzsjt,YSO,YSO,Stochastic,Stochastic
ZTF19abqgsmt,EB/EW,EB/EW,Periodic,Periodic
ZTF19abqgsnr,Periodic-Other,YSO,Periodic,Stochastic
ZTF19abqgxsq,RSCVn,YSO,Periodic,Stochastic
ZTF19abqobnd,RSCVn,YSO,Periodic,Stochastic
ZTF19abqorwb,LPV,CV/Nova,Periodic,Stochastic
ZTF19abqwchf,Periodic-Other,CV/Nova,Periodic,Periodic
ZTF19abqxywc,CV/Nova,CV/Nova,Stochastic,Stochastic
ZTF19abqycoy,Blazar,CV/Nova,Stochastic,Stochastic
ZTF19abradrr,Periodic-Other,EB/EW,Periodic,Periodic
ZTF19abrkghp,RSCVn,YSO,Periodic,Periodic
ZTF19abrlcvd,YSO,YSO,Periodic,Stochastic
ZTF19abrmzdr,RSCVn,YSO,Periodic,Periodic
ZTF19abrquwk,RSCVn,CV/Nova,Periodic,Stochastic
ZTF19abruxsf,CV/Nova,CV/Nova,Periodic,Stochastic
ZTF19abrwxcw,LPV,YSO,Periodic,Stochastic
ZTF19abrzbvl,RSCVn,YSO,Periodic,Periodic
ZTF19abrzwvw,CV/Nova,CV/Nova,Periodic,Stochastic
ZTF19absccbx,Periodic-Other,CV/Nova,Periodic,Periodic
ZTF19abseflz,RSCVn,CV/Nova,Periodic,Periodic
ZTF19absekwh,CV/Nova,CV/Nova,Periodic,Stochastic
ZTF19absewzq,Periodic-Other,CV/Nova,Periodic,Stochastic
ZTF19absfmld,CV/Nova,CV/Nova,Periodic,Stochastic
ZTF19absijtx,Periodic-Other,CV/Nova,Periodic,Periodic
ZTF19absjrbs,Periodic-Other,CV/Nova,Periodic,Periodic
ZTF19abskidn,CV/Nova,CV/Nova,Periodic,Stochastic
ZTF19abslgwi,Periodic-Other,YSO,Periodic,Periodic
ZTF19absmlqc,Periodic-Other,CV/Nova,Periodic,Transient
ZTF19absnooe,CV/Nova,CV/Nova,Periodic,Stochastic
ZTF19absowcz,CV/Nova,CV/Nova,Stochastic,Stochastic
ZTF19absppqc,CV/Nova,SNII,Periodic,Transient
ZTF19absprlr,Periodic-Other,CV/Nova,Periodic,Periodic
ZTF19abspuhb,CV/Nova,CV/Nova,Periodic,Stochastic
ZTF19absqhvi,Periodic-Other,CV/Nova,Periodic,Periodic
ZTF19absqqwb,Periodic-Other,CV/Nova,Periodic,Stochastic
ZTF19absqtid,Periodic-Other,CV/Nova,Periodic,Periodic
ZTF19absqtza,RSCVn,YSO,Periodic,Stochastic
ZTF19absrbyv,Periodic-Other,CV/Nova,Periodic,Periodic
ZTF19abstlxg,CV/Nova,CV/Nova,Periodic,Stochastic
ZTF19abstxqt,CV/Nova,CV/Nova,Periodic,Transient
ZTF19absubjq,Periodic-Other,CV/Nova,Periodic,Periodic
ZTF19absvizt,Periodic-Other,CV/Nova,Periodic,Periodic
ZTF19absxfbb,Periodic-Other,CV/Nova,Periodic,Periodic
ZTF19absydfp,Periodic-Other,RSCVn,Periodic,Periodic
ZTF19absyfza,Periodic-Other,CV/Nova,Periodic,Periodic
ZTF19absyjtf,EA,CV/Nova,Periodic,Periodic
ZTF19abszjpk,CV/Nova,CV/Nova,Periodic,Transient
ZTF19abszjts,Periodic-Other,CV/Nova,Periodic,Periodic
ZTF19abszkpd,EB/EW,CV/Nova,Periodic,Periodic
ZTF19abtdnhd,Periodic-Other,CV/Nova,Periodic,Periodic
ZTF19abtfxxg,Periodic-Other,CV/Nova,Periodic,Periodic
ZTF19abtgydl,Periodic-Other,CV/Nova,Periodic,Periodic
ZTF19abtipkg,CV/Nova,CV/Nova,Periodic,Stochastic
ZTF19abtkdru,CV/Nova,CV/Nova,Periodic,Stochastic
ZTF19abtkuhc,CV/Nova,CV/Nova,Periodic,Stochastic
ZTF19abtlaxn,RSCVn,YSO,Periodic,Stochastic
ZTF19abtldyu,Periodic-Other,CV/Nova,Periodic,Periodic
ZTF19abtnaqq,LPV,YSO,Periodic,Periodic
ZTF19abufpip,LPV,YSO,Periodic,Stochastic
ZTF19abugiar,LPV,Microlensing,Periodic,Stochastic
ZTF19abuizee,RSCVn,Microlensing,Stochastic,Stochastic
ZTF19abujgzq,RSCVn,YSO,Periodic,Stochastic
ZTF19abumkjg,YSO,YSO,Periodic,Stochastic
ZTF19abussxl,YSO,YSO,Stochastic,Stochastic
ZTF19abutmxn,YSO,CV/Nova,Stochastic,Stochastic
ZTF19abuwqap,Periodic-Other,Periodic-Other,Periodic,Periodic
ZTF19abvdrqz,YSO,Microlensing,Stochastic,Stochastic
ZTF19abvhaxv,CV/Nova,CV/Nova,Periodic,Stochastic
ZTF19abvollj,Periodic-Other,CV/Nova,Periodic,Stochastic
ZTF19abvoner,CV/Nova,CV/Nova,Periodic,Stochastic
ZTF19abvqsry,Periodic-Other,CV/Nova,Periodic,Periodic
ZTF19abvsrxc,Periodic-Other,CV/Nova,Periodic,Periodic
ZTF19abvtbxb,Periodic-Other,CV/Nova,Periodic,Periodic
ZTF19abvubyr,RSCVn,CV/Nova,Periodic,Periodic
ZTF19abvufkl,YSO,YSO,Periodic,Stochastic
ZTF19abwbnil,CV/Nova,CV/Nova,Stochastic,Stochastic
ZTF19abwcwnf,EA,CV/Nova,Periodic,Stochastic
ZTF19abwhsmv,YSO,CV/Nova,Periodic,Stochastic
ZTF19abwnpik,CV/Nova,CV/Nova,Periodic,Periodic
ZTF19abwoluf,RSCVn,CV/Nova,Periodic,Periodic
ZTF19abwuhso,CV/Nova,CV/Nova,Periodic,Stochastic
ZTF19abwvfxv,Periodic-Other,CV/Nova,Periodic,Periodic
ZTF19abwvgew,Periodic-Other,EA,Periodic,Periodic
ZTF19abwwtnr,CV/Nova,CV/Nova,Periodic,Transient
ZTF19abwyqyw,Periodic-Other,CV/Nova,Periodic,Transient
ZTF19abwzguy,CV/Nova,CV/Nova,Periodic,Stochastic
ZTF19abxafvy,CV/Nova,CV/Nova,Periodic,Stochastic
ZTF19abxlviz,CV/Nova,CV/Nova,Periodic,Stochastic
ZTF19abxmphu,Periodic-Other,CV/Nova,Periodic,Periodic
ZTF19abxrntf,YSO,CV/Nova,Periodic,Periodic
ZTF19abxsugb,RSCVn,Microlensing,Stochastic,Stochastic
ZTF19abxvpqu,RSCVn,YSO,Periodic,Stochastic
ZTF19abxxdyf,RSCVn,YSO,Periodic,Stochastic
ZTF19abxymla,Periodic-Other,CV/Nova,Periodic,Periodic
ZTF19abyfnzf,CV/Nova,CV/Nova,Stochastic,Stochastic
ZTF19abyjktg,CV/Nova,CV/Nova,Periodic,Transient
ZTF19abynnsv,CV/Nova,CV/Nova,Periodic,Stochastic
ZTF19abytwgz,RSCVn,CV/Nova,Periodic,Periodic
ZTF19abzbqql,Periodic-Other,RRLc,Periodic,Periodic
ZTF19abzbwwq,Periodic-Other,CV/Nova,Periodic,Periodic
ZTF19abzdkwh,Periodic-Other,CV/Nova,Periodic,Periodic
ZTF19abzlwow,RSCVn,YSO,Periodic,Stochastic
ZTF19abzmbdd,CV/Nova,CV/Nova,Periodic,Transient
ZTF19abzpgsh,CV/Nova,CV/Nova,Periodic,Stochastic
ZTF19abzqptb,YSO,Microlensing,Stochastic,Stochastic
ZTF19abzseyi,YSO,YSO,Periodic,Stochastic
ZTF19abzyrfe,Periodic-Other,Microlensing,Periodic,Stochastic
ZTF19acaafsg,LPV,YSO,Periodic,Stochastic
ZTF19acaepcb,Periodic-Other,CV/Nova,Periodic,Periodic
ZTF19acafbrv,Periodic-Other,CV/Nova,Periodic,Periodic
ZTF19acafqub,RSCVn,YSO,Periodic,Stochastic
ZTF19acaidud,EA,EA,Periodic,Periodic
ZTF19acapxak,CV/Nova,CV/Nova,Stochastic,Stochastic
ZTF19acaqpli,RSCVn,CV/Nova,Periodic,Stochastic
ZTF19acavvrk,Periodic-Other,CV/Nova,Periodic,Stochastic
ZTF19acaxyyf,CV/Nova,CV/Nova,Stochastic,Stochastic
ZTF19acbfhyh,CV/Nova,CV/Nova,Periodic,Stochastic
ZTF19acbfoao,Periodic-Other,CV/Nova,Periodic,Periodic
ZTF19acbfoax,Periodic-Other,CV/Nova,Periodic,Periodic
ZTF19acblseh,CV/Nova,CV/Nova,Periodic,Stochastic
ZTF19acbpwij,CV/Nova,CV/Nova,Periodic,Stochastic
ZTF19acbvhst,CV/Nova,CV/Nova,Periodic,Stochastic
ZTF19acbvtjc,QSO,CV/Nova,Stochastic,Stochastic
ZTF19acbxfmy,LPV,YSO,Periodic,Periodic
ZTF19acbymca,RSCVn,YSO,Periodic,Stochastic
ZTF19accapji,RSCVn,CV/Nova,Periodic,Stochastic
ZTF19accgeyi,YSO,YSO,Periodic,Stochastic
ZTF19accjdio,YSO,YSO,Stochastic,Stochastic
ZTF19acckjik,YSO,YSO,Stochastic,Stochastic
ZTF19accoegd,CEP,YSO,Periodic,Stochastic
ZTF19accsnhk,RSCVn,YSO,Periodic,Stochastic
ZTF19accyjwv,YSO,YSO,Stochastic,Stochastic
ZTF19acddxij,RSCVn,YSO,Periodic,Stochastic
ZTF19acdtjps,RSCVn,YSO,Periodic,Periodic
ZTF19acdttcp,Periodic-Other,YSO,Periodic,Stochastic
ZTF19acdumxi,EA,EA,Periodic,Periodic
ZTF19acecmwu,RRLab,CV/Nova,Periodic,Periodic
ZTF19acefrgv,RSCVn,YSO,Periodic,Stochastic
ZTF19aceiqff,LPV,CV/Nova,Periodic,Periodic
ZTF19acekdxp,YSO,YSO,Periodic,Stochastic
ZTF19acekpbh,YSO,CV/Nova,Periodic,Stochastic
ZTF19aceoxsn,RSCVn,YSO,Periodic,Periodic
ZTF19acesryu,Periodic-Other,CV/Nova,Periodic,Stochastic
ZTF19acewbyo,Periodic-Other,Periodic-Other,Periodic,Periodic
ZTF19acexhle,CV/Nova,CV/Nova,Periodic,Stochastic
ZTF19acfaqtz,Periodic-Other,CV/Nova,Periodic,Periodic
ZTF19acfbhxf,Periodic-Other,CV/Nova,Periodic,Periodic
ZTF19acfcrhw,CV/Nova,CV/Nova,Periodic,Stochastic
ZTF19acfdwpk,YSO,YSO,Periodic,Stochastic
ZTF19acfeark,RSCVn,YSO,Periodic,Stochastic
ZTF19acfedzf,Periodic-Other,CV/Nova,Periodic,Periodic
ZTF19acfeelx,RRLab,CV/Nova,Periodic,Periodic
ZTF19acferbq,EA,EA,Periodic,Periodic
ZTF19acfexxm,Periodic-Other,CV/Nova,Periodic,Transient
ZTF19acfmcqw,Periodic-Other,CV/Nova,Periodic,Periodic
ZTF19acfsbkc,Periodic-Other,CV/Nova,Periodic,Periodic
ZTF19acgbpnf,RSCVn,CEP,Periodic,Periodic
ZTF19acgcyzz,Blazar,CV/Nova,Stochastic,Stochastic
ZTF19acgdyiz,CV/Nova,CV/Nova,Periodic,Stochastic
ZTF19acgfqce,AGN,CV/Nova,Stochastic,Stochastic
ZTF19acgfunz,EA,YSO,Periodic,Periodic
ZTF19acgjzuz,EB/EW,EB/EW,Periodic,Periodic
ZTF19acglnlj,LPV,YSO,Periodic,Stochastic
ZTF19acgwpfu,RSCVn,YSO,Periodic,Stochastic
ZTF19achakyn,RSCVn,YSO,Periodic,Stochastic
ZTF19achcdkc,CV/Nova,CV/Nova,Periodic,Stochastic
ZTF19achtpyv,RSCVn,Microlensing,Periodic,Stochastic
ZTF19achuwwu,CEP,CV/Nova,Periodic,Transient
ZTF19achzlya,Periodic-Other,CV/Nova,Periodic,Stochastic
ZTF19acicjtb,Periodic-Other,CV/Nova,Periodic,Periodic
ZTF19acieqxe,DSCT,CV/Nova,Periodic,Periodic
ZTF19acigmbq,RSCVn,YSO,Periodic,Stochastic
ZTF19aciuibs,RSCVn,RSCVn,Periodic,Periodic
ZTF19acjnapu,Periodic-Other,Periodic-Other,Periodic,Periodic
ZTF19acjtnzw,RSCVn,Microlensing,Periodic,Stochastic
ZTF19acjtpzp,RSCVn,YSO,Periodic,Stochastic
ZTF19acksyig,CV/Nova,CV/Nova,Periodic,Transient
ZTF19ackxnlf,YSO,YSO,Periodic,Stochastic
ZTF19ackxnsi,CEP,YSO,Periodic,Stochastic
ZTF19aclaasx,CV/Nova,CV/Nova,Periodic,Transient
ZTF19aclexoh,CV/Nova,CV/Nova,Periodic,Stochastic
ZTF19aclhpiz,AGN,SNII,Stochastic,Transient
ZTF19acmslxt,Periodic-Other,Microlensing,Periodic,Periodic
ZTF19acmsuyu,Periodic-Other,CV/Nova,Periodic,Periodic
ZTF19acmtpis,Periodic-Other,CV/Nova,Periodic,Periodic
ZTF19acmttld,Periodic-Other,CV/Nova,Periodic,Periodic
ZTF19acmxbir,CV/Nova,CV/Nova,Periodic,Transient
ZTF19acmzdgp,Periodic-Other,CV/Nova,Periodic,Periodic
ZTF19acmzgcb,Periodic-Other,CV/Nova,Periodic,Stochastic
ZTF19acnezsm,RSCVn,EA,Periodic,Periodic
ZTF19acnfdxc,RSCVn,YSO,Periodic,Stochastic
ZTF19acnicxa,LPV,YSO,Periodic,Stochastic
ZTF19acoprwf,RRLc,RRLc,Periodic,Periodic
ZTF19acozdkc,EA,YSO,Periodic,Stochastic
ZTF19acptote,Periodic-Other,CV/Nova,Periodic,Periodic
ZTF19acpybse,CV/Nova,CV/Nova,Periodic,Stochastic
ZTF19acqdgta,Periodic-Other,CV/Nova,Periodic,Periodic
ZTF19acqexvp,Periodic-Other,CV/Nova,Periodic,Periodic
ZTF19acqndsj,EA,EA,Periodic,Periodic
ZTF19acqxlpo,LPV,Microlensing,Periodic,Stochastic
ZTF19acrcoft,CV/Nova,CV/Nova,Periodic,Stochastic
ZTF19acrmcmj,CV/Nova,CV/Nova,Periodic,Stochastic
ZTF19acrutmj,RSCVn,YSO,Periodic,Stochastic
ZTF19acsegba,CV/Nova,CV/Nova,Periodic,Stochastic
ZTF19acsfdhp,Periodic-Other,CV/Nova,Periodic,Periodic
ZTF19acslpwr,CV/Nova,CV/Nova,Periodic,Stochastic
ZTF19acstuhd,CEP,CV/Nova,Periodic,Transient
ZTF19acstwbq,CV/Nova,CV/Nova,Periodic,Stochastic
ZTF19acszxfu,LPV,YSO,Periodic,Stochastic
ZTF19acszzua,LPV,YSO,Periodic,Stochastic
ZTF19actbrbj,YSO,YSO,Periodic,Stochastic
ZTF19actfspi,EB/EW,EB/EW,Periodic,Periodic
ZTF19actgmqs,RSCVn,YSO,Periodic,Stochastic
ZTF19actpdow,CV/Nova,CV/Nova,Periodic,Stochastic
ZTF19actrgrw,RSCVn,CV/Nova,Periodic,Periodic
ZTF19acttwqd,Blazar,CV/Nova,Stochastic,Stochastic
ZTF19acudujn,CV/Nova,CV/Nova,Periodic,Stochastic
ZTF19acuemlt,Periodic-Other,CV/Nova,Periodic,Periodic
ZTF19acugouz,EA,CV/Nova,Periodic,Periodic
ZTF19acuhfnt,Periodic-Other,CV/Nova,Periodic,Transient
ZTF19acuhqom,CV/Nova,CV/Nova,Periodic,Stochastic
ZTF19acuhtea,Periodic-Other,CV/Nova,Periodic,Stochastic
ZTF19acuiioc,Periodic-Other,CV/Nova,Periodic,Periodic
ZTF19acukemw,DSCT,CV/Nova,Periodic,Periodic
ZTF19acupsrv,RSCVn,CV/Nova,Periodic,Periodic
ZTF19acuqbeb,Periodic-Other,CV/Nova,Periodic,Periodic
ZTF19acuqtcq,Periodic-Other,CV/Nova,Periodic,Periodic
ZTF19acusaqn,CV/Nova,CV/Nova,Periodic,Stochastic
ZTF19acusbnl,RSCVn,CV/Nova,Periodic,Periodic
ZTF19acutdoc,Periodic-Other,CV/Nova,Periodic,Periodic
ZTF19acutnlq,RSCVn,CV/Nova,Periodic,Periodic
ZTF19acuuvmb,CV/Nova,CV/Nova,Periodic,Stochastic
ZTF19acuvkxn,EA,YSO,Periodic,Periodic
ZTF19acuzhvg,CV/Nova,CV/Nova,Periodic,Stochastic
ZTF19acvcfon,RSCVn,CV/Nova,Periodic,Stochastic
ZTF19acvfllq,CV/Nova,CV/Nova,Periodic,Stochastic
ZTF19acvftfw,YSO,CV/Nova,Periodic,Stochastic
ZTF19acvwhsg,LPV,CV/Nova,Stochastic,Stochastic
ZTF19acwboqf,CV/Nova,CV/Nova,Periodic,Stochastic
ZTF19acwbwnc,Periodic-Other,CV/Nova,Periodic,Periodic
ZTF19acwdsws,Periodic-Other,CV/Nova,Periodic,Periodic
ZTF19acwgelp,Periodic-Other,CV/Nova,Periodic,Periodic
ZTF19acwguyj,CV/Nova,CV/Nova,Periodic,Stochastic
ZTF19acwhkpi,EA,CV/Nova,Periodic,Stochastic
ZTF19acwjsvx,Periodic-Other,CV/Nova,Periodic,Periodic
ZTF19acwkamu,Periodic-Other,CV/Nova,Periodic,Periodic
ZTF19acwlwfg,EA,CV/Nova,Periodic,Periodic
ZTF19acwlyay,CV/Nova,CV/Nova,Periodic,Stochastic
ZTF19acwmrys,Periodic-Other,CV/Nova,Periodic,Periodic
ZTF19acwqjjs,EB/EW,RRLc,Periodic,Periodic
ZTF19acwqktw,CV/Nova,CV/Nova,Periodic,Stochastic
ZTF19acwsvxu,Periodic-Other,CV/Nova,Periodic,Periodic
ZTF19acwsvyl,RSCVn,CV/Nova,Periodic,Periodic
ZTF19acwtpge,CV/Nova,CV/Nova,Periodic,Periodic
ZTF19acwuyfg,EA,CV/Nova,Periodic,Stochastic
ZTF19acxfhxd,CV/Nova,CV/Nova,Periodic,Stochastic
ZTF19acxfsck,CV/Nova,CV/Nova,Stochastic,Stochastic
ZTF19acxhzfy,CV/Nova,CV/Nova,Periodic,Stochastic
ZTF19acxntdu,RSCVn,CV/Nova,Periodic,Stochastic
ZTF19acxqrgh,RSCVn,YSO,Periodic,Periodic
ZTF19acxrpcy,CV/Nova,CV/Nova,Transient,Transient
ZTF19acxrysg,LPV,YSO,Periodic,Stochastic
ZTF19acxutta,Periodic-Other,CV/Nova,Periodic,Periodic
ZTF19acxzazw,CV/Nova,CV/Nova,Periodic,Stochastic
ZTF19acyadea,CV/Nova,CV/Nova,Periodic,Stochastic
ZTF19acybfok,Periodic-Other,CV/Nova,Periodic,Periodic
ZTF19acyderg,Periodic-Other,CV/Nova,Periodic,Transient
ZTF19acyekjl,Periodic-Other,CV/Nova,Periodic,Stochastic
ZTF19acyreip,CV/Nova,CV/Nova,Periodic,Transient
ZTF19aczlqfv,EA,YSO,Periodic,Stochastic
ZTF19adauwyt,QSO,CV/Nova,Stochastic,Stochastic
ZTF19adaxidl,Periodic-Other,CV/Nova,Periodic,Periodic
ZTF19adbgbwd,Periodic-Other,CV/Nova,Periodic,Periodic
ZTF19adbhmsp,CV/Nova,CV/Nova,Periodic,Stochastic
ZTF19adbjzvx,Periodic-Other,CV/Nova,Periodic,Periodic
ZTF19adbrdvm,YSO,YSO,Periodic,Stochastic
ZTF19adbroge,RSCVn,Microlensing,Periodic,Stochastic
ZTF19adbvyhu,QSO,CV/Nova,Stochastic,Stochastic
ZTF19adccrpk,QSO,CV/Nova,Stochastic,Stochastic
ZTF19adcdglx,QSO,CV/Nova,Stochastic,Stochastic
ZTF19adcgafg,Periodic-Other,YSO,Periodic,Stochastic
ZTF19adcjyru,Periodic-Other,EB/EW,Periodic,Periodic
ZTF19adcnfrb,RRLc,RRLc,Periodic,Periodic
ZTF19adcnggy,RRLab,RRLab,Periodic,Periodic
ZTF19adcprut,LPV,YSO,Periodic,Periodic
ZTF19adcywnt,CV/Nova,EA,Periodic,Periodic
ZTF19addcwhn,YSO,YSO,Periodic,Stochastic
ZTF19adddhke,LPV,YSO,Periodic,Stochastic
ZTF19addezbn,Periodic-Other,Periodic-Other,Periodic,Periodic
ZTF19addgyyj,LPV,LPV,Periodic,Periodic
ZTF19addhnfg,LPV,YSO,Periodic,Stochastic
ZTF19addhzht,LPV,YSO,Periodic,Stochastic
ZTF19addicsg,YSO,YSO,Stochastic,Stochastic
ZTF19addipga,CV/Nova,CV/Nova,Periodic,Stochastic
ZTF19addivkx,LPV,LPV,Periodic,Periodic
ZTF19addiyhi,LPV,LPV,Periodic,Stochastic
ZTF19addnkxz,CV/Nova,CV/Nova,Periodic,Periodic
ZTF19adedett,Periodic-Other,CV/Nova,Periodic,Periodic
ZTF19adehwan,Periodic-Other,YSO,Periodic,Stochastic
ZTF19adexrwa,CV/Nova,CV/Nova,Periodic,Stochastic
ZTF19adfkzsj,YSO,CV/Nova,Periodic,Stochastic
ZTF19adgdnkg,Periodic-Other,CV/Nova,Periodic,Periodic
ZTF19adgjqlw,QSO,CV/Nova,Stochastic,Stochastic
ZTF19adgrduh,CV/Nova,CV/Nova,Periodic,Stochastic
ZTF19adhigik,CV/Nova,CV/Nova,Periodic,Stochastic
ZTF19adhkskf,Periodic-Other,CV/Nova,Periodic,Periodic
ZTF19adhlvov,CV/Nova,CV/Nova,Periodic,Stochastic
ZTF19adhrdpz,CV/Nova,CV/Nova,Stochastic,Stochastic
ZTF19adhxhex,LPV,YSO,Periodic,Stochastic
ZTF19adhxlcr,LPV,LPV,Periodic,Periodic
ZTF19adifstl,CV/Nova,CV/Nova,Periodic,Stochastic
ZTF19adigatl,CV/Nova,CV/Nova,Periodic,Stochastic
ZTF19adiookf,LPV,CV/Nova,Periodic,Periodic
ZTF19aditvyp,LPV,YSO,Periodic,Periodic
ZTF19adivjwm,Periodic-Other,CV/Nova,Periodic,Periodic
ZTF19adjccvg,CV/Nova,CV/Nova,Periodic,Stochastic
ZTF19adjgiqz,EA,EA,Periodic,Periodic
ZTF19adjhxzi,CV/Nova,CV/Nova,Stochastic,Stochastic
ZTF19adjjbcz,LPV,CEP,Periodic,Periodic
ZTF19adjnbju,RSCVn,YSO,Periodic,Periodic
ZTF19adjrybt,Periodic-Other,CV/Nova,Periodic,Periodic
ZTF19adjsgvt,Periodic-Other,CV/Nova,Periodic,Stochastic
ZTF19adjxjrl,CV/Nova,CV/Nova,Periodic,Stochastic
ZTF19adkmzig,LPV,YSO,Periodic,Periodic
ZTF19adkniow,CV/Nova,CV/Nova,Periodic,Stochastic
ZTF19adlydoj,YSO,CV/Nova,Periodic,Stochastic
ZTF19admgyav,RSCVn,YSO,Periodic,Periodic
ZTF19admwnxv,Periodic-Other,CV/Nova,Periodic,Periodic
ZTF19admxnmx,EA,CV/Nova,Periodic,Periodic
ZTF19adnlhxf,YSO,YSO,Periodic,Stochastic
ZTF19adnyddx,YSO,YSO,Periodic,Stochastic
ZTF19adnyuwe,LPV,Microlensing,Periodic,Stochastic
ZTF19adnzaif,CEP,YSO,Periodic,Stochastic
ZTF19adofwaq,YSO,YSO,Periodic,Stochastic
ZTF19adofwax,YSO,YSO,Periodic,Stochastic
ZTF20aaablvd,EB/EW,EB/EW,Periodic,Periodic
ZTF20aaayxwi,EA,CV/Nova,Periodic,Transient
ZTF20aabnbgm,EB/EW,EB/EW,Periodic,Periodic
ZTF20aabqmnf,YSO,CV/Nova,Periodic,Stochastic
ZTF20aabwvdd,RSCVn,Microlensing,Periodic,Stochastic
ZTF20aacajxo,CV/Nova,CV/Nova,Periodic,Stochastic
ZTF20aacarnq,CEP,CV/Nova,Periodic,Periodic
ZTF20aaccunx,Periodic-Other,CV/Nova,Periodic,Periodic
ZTF20aacdwbd,CV/Nova,CV/Nova,Periodic,Stochastic
ZTF20aachlsa,RSCVn,YSO,Periodic,Stochastic
ZTF20aacnito,Periodic-Other,YSO,Periodic,Stochastic
ZTF20aadtaaw,AGN,TDE,Stochastic,Stochastic
ZTF20aadzpzy,Periodic-Other,CV/Nova,Periodic,Stochastic
ZTF20aaeaikf,RSCVn,YSO,Periodic,Stochastic
ZTF20aaffdxi,CV/Nova,CV/Nova,Periodic,Stochastic
ZTF20aaflywy,LPV,CV/Nova,Periodic,Stochastic
ZTF20aafnqan,CV/Nova,CV/Nova,Periodic,Transient
ZTF20aafqhwu,RSCVn,YSO,Periodic,Periodic
ZTF20aagkpwy,QSO,CV/Nova,Stochastic,Stochastic
ZTF20aagnhnt,Periodic-Other,CV/Nova,Periodic,Periodic
ZTF20aagnkta,Periodic-Other,CV/Nova,Periodic,Periodic
ZTF20aagnmad,CV/Nova,CV/Nova,Periodic,Stochastic
ZTF20aagoazc,Periodic-Other,CV/Nova,Periodic,Stochastic
ZTF20aagojys,CV/Nova,CV/Nova,Periodic,Stochastic
ZTF20aagpjyo,CEP,YSO,Periodic,Periodic
ZTF20aagwwzd,QSO,CV/Nova,Stochastic,Periodic
ZTF20aahibzb,YSO,YSO,Periodic,Periodic
ZTF20aahpnwi,CV/Nova,CV/Nova,Periodic,Stochastic
ZTF20aaijvkz,YSO,YSO,Periodic,Stochastic
ZTF20aaiqudm,CV/Nova,CV/Nova,Periodic,Stochastic
ZTF20aaiubyz,CV/Nova,CV/Nova,Periodic,Stochastic
ZTF20aaiugzl,Periodic-Other,CV/Nova,Periodic,Stochastic
ZTF20aaizbov,RSCVn,Microlensing,Periodic,Stochastic
ZTF20aajcbmp,QSO,CV/Nova,Stochastic,Stochastic
ZTF20aajceue,RRLc,RRLc,Periodic,Periodic
ZTF20aajeaov,Periodic-Other,Microlensing,Periodic,Periodic
ZTF20aajeavu,Periodic-Other,CV/Nova,Periodic,Periodic
ZTF20aajegir,CV/Nova,CV/Nova,Periodic,Stochastic
ZTF20aajfbba,Periodic-Other,CV/Nova,Periodic,Stochastic
ZTF20aajgmiu,CV/Nova,CV/Nova,Periodic,Stochastic
ZTF20aakeqfr,YSO,YSO,Stochastic,Stochastic
ZTF20aakexsv,CV/Nova,CV/Nova,Periodic,Stochastic
ZTF20aakhemk,Periodic-Other,CV/Nova,Periodic,Stochastic
ZTF20aakhqfo,CV/Nova,CV/Nova,Periodic,Stochastic
ZTF20aakihnq,Periodic-Other,YSO,Periodic,Periodic
ZTF20aakjmcx,RSCVn,CV/Nova,Stochastic,Stochastic
ZTF20aaksyes,LPV,YSO,Periodic,Stochastic
ZTF20aakucbe,CV/Nova,CV/Nova,Periodic,Stochastic
ZTF20aakvrcg,RSCVn,YSO,Periodic,Stochastic
ZTF20aakzwvg,LPV,YSO,Periodic,Stochastic
ZTF20aalajbk,LPV,YSO,Periodic,Stochastic
ZTF20aaldstk,RSCVn,YSO,Periodic,Stochastic
ZTF20aalyyhv,Periodic-Other,EA,Periodic,Periodic
ZTF20aamcvzw,DSCT,CV/Nova,Periodic,Stochastic
ZTF20aammikx,LPV,YSO,Periodic,Stochastic
ZTF20aamvncg,RSCVn,CV/Nova,Periodic,Stochastic
ZTF20aanleix,RSCVn,CV/Nova,Stochastic,Stochastic
ZTF20aanpewx,AGN,SNIIn,Stochastic,Transient
ZTF20aanrypd,AGN,CV/Nova,Stochastic,Stochastic
ZTF20aaodyah,RSCVn,YSO,Periodic,Stochastic
ZTF20aaoerdu,YSO,YSO,Periodic,Stochastic
ZTF20aapcmsi,QSO,CV/Nova,Stochastic,Stochastic
ZTF20aaprvst,RSCVn,CV/Nova,Periodic,Periodic
ZTF20aaprzgf,Periodic-Other,Periodic-Other,Periodic,Periodic
ZTF20aapsaeq,CV/Nova,CV/Nova,Periodic,Stochastic
ZTF20aapvgjd,RSCVn,YSO,Periodic,Stochastic
ZTF20aaqbiby,Periodic-Other,CV/Nova,Periodic,Periodic
ZTF20aaqdcik,CV/Nova,CV/Nova,Periodic,Transient
ZTF20aaqdczr,RSCVn,CEP,Periodic,Periodic
ZTF20aaqddom,CV/Nova,CV/Nova,Periodic,Stochastic
ZTF20aaqddxf,Periodic-Other,CV/Nova,Periodic,Periodic
ZTF20aaqdfwu,Periodic-Other,YSO,Periodic,Periodic
ZTF20aaqfqma,RSCVn,CV/Nova,Periodic,Periodic
ZTF20aaqfrxt,CV/Nova,CV/Nova,Periodic,Stochastic
ZTF20aaqfzgq,CV/Nova,CV/Nova,Periodic,Stochastic
ZTF20aaqtuee,RSCVn,YSO,Periodic,Stochastic
ZTF20aarbtpq,RSCVn,CV/Nova,Periodic,Stochastic
ZTF20aasaoid,Periodic-Other,YSO,Periodic,Periodic
ZTF20aasuxzu,CV/Nova,CV/Nova,Periodic,Stochastic
ZTF20aasvrrk,CV/Nova,CV/Nova,Periodic,Stochastic
ZTF20aatbjbu,Periodic-Other,YSO,Periodic,Stochastic
ZTF20aatcbxw,QSO,CV/Nova,Stochastic,Stochastic
ZTF20aatmgja,Periodic-Other,CV/Nova,Periodic,Periodic
ZTF20aatuxul,RSCVn,YSO,Periodic,Stochastic
ZTF20aauccms,CV/Nova,CV/Nova,Periodic,Transient
ZTF20aaucxiv,Periodic-Other,CV/Nova,Periodic,Transient
ZTF20aaufwwp,Periodic-Other,CV/Nova,Periodic,Periodic
ZTF20aauhico,CV/Nova,CV/Nova,Periodic,Stochastic
ZTF20aauhrxt,YSO,CV/Nova,Periodic,Stochastic
ZTF20aauijci,YSO,CV/Nova,Stochastic,Stochastic
ZTF20aauiufv,CEP,YSO,Periodic,Stochastic
ZTF20aauivil,LPV,CEP,Periodic,Periodic
ZTF20aaujlyt,Periodic-Other,CV/Nova,Periodic,Periodic
ZTF20aauoerc,LPV,CV/Nova,Periodic,Stochastic
ZTF20aauquzw,EA,YSO,Periodic,Stochastic
ZTF20aavhlnh,CV/Nova,CV/Nova,Periodic,Stochastic
ZTF20aavjarv,Periodic-Other,CV/Nova,Periodic,Periodic
ZTF20aavlbjz,EA,Microlensing,Periodic,Periodic
ZTF20aavopwe,QSO,CV/Nova,Stochastic,Stochastic
ZTF20aavteuh,CEP,YSO,Periodic,Stochastic
ZTF20aawafqs,CV/Nova,CV/Nova,Periodic,Transient
ZTF20aawqtoz,Periodic-Other,CV/Nova,Periodic,Periodic
ZTF20aawudhp,CV/Nova,CV/Nova,Periodic,Stochastic
ZTF20aaxfuln,AGN,CV/Nova,Stochastic,Stochastic
ZTF20aaxmkkm,YSO,YSO,Stochastic,Stochastic
ZTF20aaxnxsp,YSO,YSO,Periodic,Periodic
ZTF20aaxsulf,CEP,CV/Nova,Periodic,Transient
ZTF20aaybkdq,YSO,YSO,Stochastic,Stochastic
ZTF20aayguyg,AGN,CV/Nova,Stochastic,Stochastic
ZTF20aayvvxi,Periodic-Other,CV/Nova,Periodic,Periodic
ZTF20aazmnww,QSO,CV/Nova,Stochastic,Stochastic
ZTF20aazpyve,CV/Nova,CV/Nova,Periodic,Periodic
ZTF20aazzzmz,QSO,CV/Nova,Stochastic,Stochastic
ZTF20abagxac,QSO,CV/Nova,Stochastic,Stochastic
ZTF20abahmzn,LPV,CV/Nova,Periodic,Stochastic
ZTF20abaogpx,LPV,CV/Nova,Periodic,Stochastic
ZTF20abarumf,YSO,YSO,Stochastic,Stochastic
ZTF20abawjfc,QSO,CV/Nova,Stochastic,Stochastic
ZTF20abbbdak,YSO,YSO,Periodic,Stochastic
ZTF20abbgezw,LPV,YSO,Periodic,Stochastic
ZTF20abbgrnw,YSO,CV/Nova,Stochastic,Stochastic
ZTF20abcdtrs,EA,YSO,Periodic,Stochastic
ZTF20abchiqc,QSO,CV/Nova,Stochastic,Stochastic
ZTF20abcobgm,LPV,YSO,Periodic,Stochastic
ZTF20abcxqcb,Blazar,CV/Nova,Stochastic,Stochastic
ZTF20abcyeul,YSO,YSO,Periodic,Stochastic
ZTF20abdaghm,YSO,CV/Nova,Periodic,Periodic
ZTF20abdckpk,Periodic-Other,CV/Nova,Periodic,Periodic
ZTF20abdcpsb,Periodic-Other,CV/Nova,Periodic,Periodic
ZTF20abddlfm,CV/Nova,CV/Nova,Stochastic,Stochastic
ZTF20abddnqf,Periodic-Other,CV/Nova,Periodic,Periodic
ZTF20abdexjf,EA,CV/Nova,Periodic,Periodic
ZTF20abdjkdf,Periodic-Other,CV/Nova,Periodic,Periodic
ZTF20abdnekj,RSCVn,CV/Nova,Periodic,Periodic
ZTF20abdonva,LPV,YSO,Periodic,Stochastic
ZTF20abdpofp,RSCVn,YSO,Periodic,Periodic
ZTF20abdrzba,LPV,CV/Nova,Periodic,Stochastic
ZTF20abdslxb,LPV,Microlensing,Stochastic,Stochastic
ZTF20abdulfo,RSCVn,CV/Nova,Periodic,Periodic
ZTF20abdwqxb,CV/Nova,CV/Nova,Periodic,Transient
ZTF20abdwxdm,Periodic-Other,CV/Nova,Periodic,Periodic
ZTF20abebhsj,CV/Nova,EA,Periodic,Periodic
ZTF20abeczcn,Periodic-Other,CV/Nova,Periodic,Periodic
ZTF20abegdqq,CV/Nova,CV/Nova,Periodic,Stochastic
ZTF20abehbet,CV/Nova,CV/Nova,Stochastic,Stochastic
ZTF20abekokp,RSCVn,CV/Nova,Stochastic,Stochastic
ZTF20abeldau,CV/Nova,CV/Nova,Stochastic,Stochastic
ZTF20abenjxy,LPV,YSO,Periodic,Stochastic
ZTF20abenkim,RSCVn,CV/Nova,Periodic,Periodic
ZTF20abevqnu,Periodic-Other,YSO,Periodic,Stochastic
ZTF20abewvyq,RSCVn,YSO,Periodic,Stochastic
ZTF20abfhciv,EA,YSO,Periodic,Stochastic
ZTF20abfnwih,RSCVn,CV/Nova,Periodic,Periodic
ZTF20abfnxfy,RSCVn,YSO,Periodic,Stochastic
ZTF20abfochs,CV/Nova,CV/Nova,Stochastic,Stochastic
ZTF20abfsbsf,RSCVn,YSO,Periodic,Stochastic
ZTF20abgbdoo,QSO,CV/Nova,Stochastic,Stochastic
ZTF20abgjjwf,CV/Nova,CV/Nova,Periodic,Stochastic
ZTF20abgzxwy,YSO,YSO,Periodic,Stochastic
ZTF20abhaiyf,Periodic-Other,CV/Nova,Periodic,Stochastic
ZTF20abhfsuq,RSCVn,Microlensing,Periodic,Stochastic
ZTF20abhgsdv,QSO,CV/Nova,Stochastic,Stochastic
ZTF20abhjfcs,YSO,YSO,Stochastic,Stochastic
ZTF20abhjirc,YSO,YSO,Periodic,Stochastic
ZTF20abhlgxx,CV/Nova,CV/Nova,Periodic,Stochastic
ZTF20abhmpkn,LPV,YSO,Periodic,Stochastic
ZTF20abhnrjn,Periodic-Other,Microlensing,Periodic,Periodic
ZTF20abhybru,YSO,CV/Nova,Stochastic,Stochastic
ZTF20abieyrb,Periodic-Other,CV/Nova,Periodic,Periodic
ZTF20abifsbb,CV/Nova,CV/Nova,Transient,Transient
ZTF20abijzif,DSCT,CV/Nova,Periodic,Periodic
ZTF20abikcbs,Periodic-Other,CV/Nova,Periodic,Periodic
ZTF20abikkvu,YSO,CV/Nova,Periodic,Stochastic
ZTF20abikoof,Periodic-Other,CV/Nova,Periodic,Periodic
ZTF20abilgtx,RSCVn,YSO,Periodic,Periodic
ZTF20abisdvy,QSO,YSO,Stochastic,Stochastic
ZTF20abivawp,LPV,CV/Nova,Periodic,Stochastic
ZTF20abiyuun,LPV,YSO,Periodic,Stochastic
ZTF20abjmycn,YSO,CV/Nova,Stochastic,Stochastic
ZTF20abjpjyw,Periodic-Other,Microlensing,Periodic,Stochastic
ZTF20abjpzhh,Periodic-Other,Periodic-Other,Periodic,Periodic
ZTF20abjuxts,LPV,CV/Nova,Periodic,Stochastic
ZTF20abjvclg,EA,CV/Nova,Periodic,Periodic
ZTF20abjxjbu,CV/Nova,CV/Nova,Periodic,Stochastic
ZTF20abjybru,YSO,YSO,Periodic,Stochastic
ZTF20abkdtbw,QSO,CV/Nova,Stochastic,Stochastic
ZTF20abkekwm,Periodic-Other,CV/Nova,Periodic,Periodic
ZTF20abkhaor,CV/Nova,CV/Nova,Periodic,Stochastic
ZTF20abmgoim,CV/Nova,CV/Nova,Stochastic,Stochastic
ZTF20abmjnld,YSO,YSO,Periodic,Stochastic
ZTF20abmualn,AGN,TDE,Stochastic,Stochastic
ZTF20abmvinv,QSO,CV/Nova,Stochastic,Stochastic
ZTF20abnceui,LPV,YSO,Periodic,Stochastic
ZTF20abndjrl,QSO,CV/Nova,Stochastic,Stochastic
ZTF20abnizjr,LPV,CV/Nova,Periodic,Transient
ZTF20abnokic,Periodic-Other,CV/Nova,Periodic,Periodic
ZTF20abntczg,CV/Nova,CV/Nova,Periodic,Periodic
ZTF20abnwqha,QSO,CV/Nova,Stochastic,Stochastic
ZTF20abochcu,RSCVn,YSO,Periodic,Stochastic
ZTF20abohbmk,QSO,CV/Nova,Stochastic,Stochastic
ZTF20aboinak,Periodic-Other,YSO,Periodic,Stochastic
ZTF20aboranq,QSO,CV/Nova,Stochastic,Stochastic
ZTF20aboshup,YSO,YSO,Stochastic,Stochastic
ZTF20abouxmz,EA,EA,Periodic,Periodic
ZTF20abpkdqu,LPV,LPV,Periodic,Periodic
ZTF20abpkdrk,LPV,YSO,Periodic,Periodic
ZTF20abpufum,Periodic-Other,CV/Nova,Periodic,Periodic
ZTF20abqgvti,YSO,CV/Nova,Stochastic,Stochastic
ZTF20abrffjf,AGN,CV/Nova,Stochastic,Stochastic
ZTF20abrishd,YSO,YSO,Periodic,Stochastic
ZTF20abrukdk,YSO,YSO,Periodic,Stochastic
ZTF20abruzqc,Periodic-Other,YSO,Periodic,Stochastic
ZTF20abrwbfz,CV/Nova,CV/Nova,Periodic,Periodic
ZTF20abryvjh,CV/Nova,CV/Nova,Periodic,Transient
ZTF20absbwpq,CV/Nova,CV/Nova,Periodic,Stochastic
ZTF20absmnll,CV/Nova,CV/Nova,Periodic,Transient
ZTF20abspynd,Periodic-Other,EA,Periodic,Periodic
ZTF20abstzqf,Blazar,CV/Nova,Stochastic,Stochastic
ZTF20absvhon,CV/Nova,CV/Nova,Periodic,Stochastic
ZTF20abtcfbp,CV/Nova,CV/Nova,Periodic,Stochastic
ZTF20abttedn,Periodic-Other,CV/Nova,Periodic,Periodic
ZTF20abttobi,RSCVn,Microlensing,Periodic,Stochastic
ZTF20abtvrqi,Periodic-Other,CV/Nova,Periodic,Periodic
ZTF20abtwcte,Periodic-Other,CV/Nova,Periodic,Transient
ZTF20abufxmy,Periodic-Other,CV/Nova,Periodic,Periodic
ZTF20abugbtf,RSCVn,CV/Nova,Periodic,Periodic
ZTF20abuhlzf,RSCVn,YSO,Periodic,Periodic
ZTF20abulses,Periodic-Other,SESN,Periodic,Transient
ZTF20abvgunp,Periodic-Other,CV/Nova,Periodic,Periodic
ZTF20abvkqvv,EA,CV/Nova,Periodic,Periodic
ZTF20abvpdxh,Periodic-Other,EA,Periodic,Periodic
ZTF20abvqbgm,CV/Nova,CV/Nova,Periodic,Stochastic
ZTF20abwdwer,AGN,CV/Nova,Stochastic,Stochastic
ZTF20abwtmsm,QSO,CV/Nova,Stochastic,Stochastic
ZTF20abwvuot,QSO,Microlensing,Stochastic,Stochastic
ZTF20abxnuzf,Periodic-Other,EA,Periodic,Periodic
ZTF20abxqdby,QSO,CV/Nova,Stochastic,Stochastic
ZTF20abyjgwj,EA,Microlensing,Periodic,Stochastic
ZTF20abynlqq,Periodic-Other,CV/Nova,Periodic,Stochastic
ZTF20abzhsoh,YSO,YSO,Stochastic,Stochastic
ZTF20acadgdm,Periodic-Other,CV/Nova,Periodic,Periodic
ZTF20acaeplf,Periodic-Other,CV/Nova,Periodic,Periodic
ZTF20acaezvu,CV/Nova,CV/Nova,Periodic,Stochastic
ZTF20acafoqk,CV/Nova,CV/Nova,Periodic,Stochastic
ZTF20acaickv,CV/Nova,CV/Nova,Stochastic,Stochastic
ZTF20acaicla,Periodic-Other,CV/Nova,Periodic,Periodic
ZTF20acailgy,CV/Nova,CV/Nova,Stochastic,Stochastic
ZTF20acajxgm,EB/EW,YSO,Periodic,Periodic
ZTF20acakefs,CV/Nova,CV/Nova,Periodic,Stochastic
ZTF20acakhiz,Periodic-Other,CV/Nova,Periodic,Periodic
ZTF20acbhroj,YSO,YSO,Periodic,Stochastic
ZTF20acbpyxt,QSO,CV/Nova,Stochastic,Stochastic
ZTF20accxaqx,QSO,CV/Nova,Stochastic,Stochastic
ZTF20acdnifk,CV/Nova,CV/Nova,Periodic,Periodic
ZTF20aceezuh,RSCVn,YSO,Periodic,Stochastic
ZTF20acehyft,CV/Nova,CV/Nova,Stochastic,Periodic
ZTF20acevzgo,YSO,YSO,Stochastic,Stochastic
ZTF20acflwvs,Periodic-Other,CV/Nova,Periodic,Periodic
ZTF20acflzsq,Periodic-Other,CV/Nova,Periodic,Periodic
ZTF20acfnmfp,EB/EW,EB/EW,Periodic,Periodic
ZTF20acgdlsx,LPV,YSO,Periodic,Stochastic
ZTF20acguidk,CV/Nova,CV/Nova,Periodic,Stochastic
ZTF20acgwgri,DSCT,CV/Nova,Periodic,Periodic
ZTF20acgyear,Periodic-Other,CV/Nova,Periodic,Periodic
ZTF20achcuqd,Periodic-Other,CV/Nova,Periodic,Periodic
ZTF20achdgyn,Periodic-Other,CV/Nova,Periodic,Periodic
ZTF20achghzl,CV/Nova,CV/Nova,Periodic,Stochastic
ZTF20achjodg,CV/Nova,CV/Nova,Periodic,Stochastic
ZTF20achzmyx,AGN,TDE,Stochastic,Stochastic
ZTF20aciadoe,EA,YSO,Periodic,Stochastic
ZTF20acicsan,Periodic-Other,CV/Nova,Periodic,Periodic
ZTF20acieicv,CV/Nova,CV/Nova,Periodic,Stochastic
ZTF20acigbkz,LPV,CV/Nova,Periodic,Stochastic
ZTF20acihchb,Microlensing,Microlensing,Stochastic,Stochastic
ZTF20acjfitw,QSO,CV/Nova,Stochastic,Stochastic
ZTF20acjkicv,RSCVn,YSO,Periodic,Stochastic
ZTF20acjqorj,RSCVn,YSO,Stochastic,Stochastic
ZTF20acklrdx,CV/Nova,CV/Nova,Periodic,Periodic
ZTF20ackvpsk,Periodic-Other,CV/Nova,Periodic,Transient
ZTF20ackwgez,CV/Nova,CV/Nova,Periodic,Stochastic
ZTF20ackyaal,CV/Nova,CV/Nova,Periodic,Transient
ZTF20aclbuim,YSO,YSO,Stochastic,Stochastic
ZTF20aclcwwk,Periodic-Other,CV/Nova,Periodic,Stochastic
ZTF20acldeul,AGN,SNII,Stochastic,Transient
ZTF20acldfvw,YSO,CV/Nova,Stochastic,Stochastic
ZTF20acmsmtj,QSO,CV/Nova,Stochastic,Stochastic
ZTF20acmvzaw,QSO,CV/Nova,Stochastic,Stochastic
ZTF20acnmwdz,YSO,CV/Nova,Periodic,Stochastic
ZTF20acnwccn,YSO,YSO,Stochastic,Stochastic
ZTF20acnwcyh,LPV,CV/Nova,Periodic,Stochastic
ZTF20acnwqtz,RSCVn,YSO,Periodic,Periodic
ZTF20acnzdzh,RSCVn,CV/Nova,Periodic,Periodic
ZTF20acnzfda,LPV,LPV,Periodic,Periodic
ZTF20acobxkb,LPV,CV/Nova,Periodic,Transient
ZTF20acodoeq,RSCVn,Microlensing,Stochastic,Stochastic
ZTF20acpfqly,Periodic-Other,CV/Nova,Periodic,Periodic
ZTF20acpimur,QSO,CV/Nova,Stochastic,Stochastic
ZTF20acpkpoi,AGN,CV/Nova,Stochastic,Stochastic
ZTF20acpnqnp,RSCVn,YSO,Periodic,Periodic
ZTF20acqhgcz,QSO,CV/Nova,Stochastic,Stochastic
ZTF20acqjfmq,CV/Nova,CV/Nova,Periodic,Stochastic
ZTF20acqollb,RSCVn,RSCVn,Periodic,Periodic
ZTF20acqtvay,Blazar,CV/Nova,Stochastic,Stochastic
ZTF20acrzcsa,CV/Nova,CV/Nova,Periodic,Transient
ZTF20actffih,CV/Nova,CV/Nova,Periodic,Stochastic
ZTF20actgeel,RSCVn,Microlensing,Periodic,Stochastic
ZTF20actsdmo,CV/Nova,CV/Nova,Periodic,Stochastic
ZTF20actxjod,RRLab,RRLab,Periodic,Periodic
ZTF20actxnwr,RSCVn,YSO,Periodic,Periodic
ZTF20acuekdl,YSO,CV/Nova,Stochastic,Stochastic
ZTF20acujwpg,CV/Nova,CV/Nova,Periodic,Stochastic
ZTF20acukqfh,Periodic-Other,CV/Nova,Periodic,Periodic
ZTF20acuoiko,RSCVn,YSO,Periodic,Stochastic
ZTF20acuujrb,LPV,LPV,Periodic,Periodic
ZTF20acuuunj,RRLc,RRLc,Periodic,Periodic
ZTF20acuvxvl,LPV,CEP,Periodic,Periodic
ZTF20acuwlfj,LPV,CEP,Periodic,Periodic
ZTF20acvmtss,Periodic-Other,CV/Nova,Periodic,Stochastic
ZTF20acvphxt,Periodic-Other,CV/Nova,Periodic,Periodic
ZTF20acvriit,Periodic-Other,CV/Nova,Periodic,Periodic
ZTF20acvwdny,CV/Nova,CV/Nova,Stochastic,Stochastic
ZTF20acvxvlc,EB/EW,CV/Nova,Periodic,Periodic
ZTF20acvybwe,CV/Nova,CV/Nova,Periodic,Stochastic
ZTF20acvylqu,CV/Nova,CV/Nova,Periodic,Stochastic
ZTF20acvzutd,RSCVn,YSO,Periodic,Stochastic
ZTF20acwfgge,CV/Nova,CV/Nova,Periodic,Transient
ZTF20acwfjdn,Periodic-Other,CV/Nova,Periodic,Periodic
ZTF20acwrhoy,LPV,CV/Nova,Periodic,Stochastic
ZTF20acwtxyo,RSCVn,YSO,Periodic,Stochastic
ZTF20acwyoxj,RRLc,RRLc,Periodic,Periodic
ZTF20acwzerf,LPV,YSO,Periodic,Stochastic
ZTF20acxckmu,YSO,YSO,Periodic,Stochastic
ZTF20acxnkdw,CV/Nova,CV/Nova,Periodic,Stochastic
ZTF20acxnnzu,Periodic-Other,CV/Nova,Periodic,Periodic
ZTF20acyqfxx,RSCVn,YSO,Periodic,Stochastic
ZTF20acyyhvj,RSCVn,CV/Nova,Periodic,Stochastic
ZTF20aczigag,Periodic-Other,CV/Nova,Periodic,Periodic
ZTF20aczoobr,YSO,YSO,Periodic,Stochastic
ZTF20aczxypi,RSCVn,RSCVn,Periodic,Periodic
ZTF20aczybed,CV/Nova,CV/Nova,Periodic,Transient
ZTF20adboadf,CEP,YSO,Periodic,Periodic
ZTF20adcanyv,QSO,CV/Nova,Stochastic,Stochastic
ZTF21aaablow,Periodic-Other,CV/Nova,Periodic,Periodic
ZTF21aaaimmp,Periodic-Other,CV/Nova,Periodic,Periodic
ZTF21aaajstl,Periodic-Other,CV/Nova,Periodic,Periodic
ZTF21aaapyje,EB/EW,EB/EW,Periodic,Periodic
ZTF21aaaurzt,RRLab,CV/Nova,Periodic,Periodic
ZTF21aabbdqq,CV/Nova,CV/Nova,Periodic,Stochastic
ZTF21aabcewu,Periodic-Other,CV/Nova,Periodic,Periodic
ZTF21aabcmbg,Periodic-Other,EA,Periodic,Periodic
ZTF21aabcnxs,CV/Nova,CV/Nova,Periodic,Stochastic
ZTF21aabovon,CV/Nova,CV/Nova,Periodic,Stochastic
ZTF21aabpagg,CV/Nova,CV/Nova,Periodic,Stochastic
ZTF21aabroil,QSO,CV/Nova,Stochastic,Stochastic
ZTF21aabxtwu,EA,CV/Nova,Periodic,Periodic
ZTF21aabzfru,CV/Nova,CV/Nova,Periodic,Transient
ZTF21aacasiv,Periodic-Other,CV/Nova,Periodic,Periodic
ZTF21aacmvae,RRLc,RRLc,Periodic,Periodic
ZTF21aacwsdm,RSCVn,CV/Nova,Periodic,Periodic
ZTF21aadcbex,Periodic-Other,CV/Nova,Periodic,Periodic
ZTF21aadicnb,QSO,CV/Nova,Stochastic,Stochastic
ZTF21aadrxje,Periodic-Other,Periodic-Other,Periodic,Periodic
ZTF21aaepydo,RSCVn,CV/Nova,Periodic,Stochastic
ZTF21aaeqief,EA,CV/Nova,Periodic,Stochastic
ZTF21aaetqbq,DSCT,CV/Nova,Periodic,Periodic
ZTF21aafxkop,CV/Nova,CV/Nova,Periodic,Transient
ZTF21aagtxqi,LPV,YSO,Periodic,Stochastic
ZTF21aagtyrg,Periodic-Other,YSO,Periodic,Periodic
ZTF21aaguhld,CV/Nova,CV/Nova,Periodic,Periodic
ZTF21aagyqti,Periodic-Other,CV/Nova,Periodic,Stochastic
ZTF21aahqwno,RSCVn,Microlensing,Periodic,Stochastic
ZTF21aahqytx,LPV,YSO,Periodic,Stochastic
ZTF21aaiqzsk,Periodic-Other,CV/Nova,Periodic,Periodic
ZTF21aajmvno,Periodic-Other,CV/Nova,Periodic,Periodic
ZTF21aajoovu,CEP,CV/Nova,Periodic,Stochastic
ZTF21aajpgmz,Periodic-Other,CV/Nova,Periodic,Periodic
ZTF21aajqhvo,RSCVn,YSO,Stochastic,Stochastic
ZTF21aamdgxo,CV/Nova,CV/Nova,Periodic,Stochastic
ZTF21aamxljs,QSO,CV/Nova,Stochastic,Stochastic
ZTF21aanoaht,CV/Nova,CV/Nova,Periodic,Transient
ZTF21aanrysj,LPV,YSO,Periodic,Stochastic
ZTF21aanupcj,RSCVn,Microlensing,Periodic,Stochastic
ZTF21aaocrpc,RSCVn,CV/Nova,Periodic,Stochastic
ZTF21aaoctid,YSO,CV/Nova,Stochastic,Stochastic
ZTF21aaodbtx,CV/Nova,CV/Nova,Periodic,Stochastic
ZTF21aaomdpe,QSO,CV/Nova,Stochastic,Stochastic
ZTF21aaorilr,RSCVn,EA,Periodic,Periodic
ZTF21aaorklh,CV/Nova,CV/Nova,Periodic,Periodic
ZTF21aaoruqj,Periodic-Other,YSO,Periodic,Stochastic
ZTF21aaqthty,YSO,CV/Nova,Stochastic,Stochastic
ZTF21aaqtnwp,CV/Nova,CV/Nova,Periodic,Stochastic
ZTF21aarfend,RSCVn,RSCVn,Periodic,Periodic
ZTF21aargtdt,Periodic-Other,CV/Nova,Periodic,Stochastic
ZTF21aarwfdf,CV/Nova,CV/Nova,Periodic,Stochastic
ZTF21aarzypm,CV/Nova,CV/Nova,Periodic,Stochastic
ZTF21aasreng,Periodic-Other,CV/Nova,Periodic,Periodic
ZTF21aassdud,YSO,CV/Nova,Stochastic,Stochastic
ZTF21aasshux,CV/Nova,CV/Nova,Periodic,Stochastic
ZTF21aassifh,RSCVn,CV/Nova,Periodic,Stochastic
ZTF21aasskmf,RSCVn,RSCVn,Periodic,Periodic
ZTF21aastayn,EA,CV/Nova,Periodic,Periodic
ZTF21aasxdqq,LPV,YSO,Periodic,Periodic
ZTF21aasxivv,CV/Nova,CV/Nova,Stochastic,Stochastic
ZTF21aasxiwr,YSO,CV/Nova,Periodic,Stochastic
ZTF21aasxoef,Periodic-Other,CV/Nova,Periodic,Periodic
ZTF21aasxums,LPV,CV/Nova,Periodic,Stochastic
ZTF21aasxwxo,LPV,CV/Nova,Periodic,Stochastic
ZTF21aasyaod,LPV,YSO,Periodic,Stochastic
ZTF21aasybaa,CV/Nova,CV/Nova,Periodic,Stochastic
ZTF21aatsacz,CV/Nova,CV/Nova,Periodic,Stochastic
ZTF21aatzqvv,CV/Nova,CV/Nova,Stochastic,Stochastic
ZTF21aaufvro,Blazar,TDE,Stochastic,Stochastic
ZTF21aaulukz,Periodic-Other,CV/Nova,Periodic,Periodic
ZTF21aauvlir,QSO,CV/Nova,Stochastic,Stochastic
ZTF21aavfuwv,Periodic-Other,CV/Nova,Periodic,Periodic
ZTF21aavglyo,QSO,CV/Nova,Stochastic,Stochastic
ZTF21aavhthk,RRLab,RRLab,Periodic,Periodic
ZTF21aavrfrs,QSO,CV/Nova,Stochastic,Stochastic
ZTF21aavtqnh,Periodic-Other,CV/Nova,Periodic,Periodic
ZTF21aawgvrm,EB/EW,EB/EW,Periodic,Periodic
ZTF21aawtmxt,QSO,CV/Nova,Stochastic,Stochastic
ZTF21aaxbwfq,Periodic-Other,CV/Nova,Periodic,Transient
ZTF21aaxiwcp,LPV,CEP,Periodic,Periodic
ZTF21aazezni,LPV,LPV,Periodic,Periodic
ZTF21aazmgzg,Blazar,CV/Nova,Stochastic,Stochastic
ZTF21aazxtam,Periodic-Other,CV/Nova,Periodic,Periodic
ZTF21aazzlnz,QSO,CV/Nova,Stochastic,Stochastic
ZTF21abahvnj,EA,EA,Periodic,Periodic
ZTF21abapsor,LPV,YSO,Periodic,Stochastic
ZTF21abashdu,QSO,CV/Nova,Stochastic,Stochastic
ZTF21abavzpi,CV/Nova,CV/Nova,Periodic,Stochastic
ZTF21abbrykq,EA,EA,Periodic,Periodic
ZTF21abbwswg,LPV,YSO,Periodic,Stochastic
ZTF21abcgfxb,RSCVn,Microlensing,Periodic,Stochastic
ZTF21abcgimk,RSCVn,Microlensing,Periodic,Periodic
ZTF21abcgjfc,CV/Nova,CV/Nova,Periodic,Stochastic
ZTF21abcgooc,LPV,YSO,Periodic,Stochastic
ZTF21abcvqdm,Periodic-Other,CV/Nova,Periodic,Periodic
ZTF21abczciv,Periodic-Other,CV/Nova,Periodic,Periodic
ZTF21abdbdnd,QSO,CV/Nova,Stochastic,Stochastic
ZTF21abdfjza,Periodic-Other,CV/Nova,Periodic,Periodic
ZTF21abdvemk,RSCVn,YSO,Periodic,Periodic
ZTF21abebkgb,RSCVn,CV/Nova,Stochastic,Stochastic
ZTF21abehhuk,YSO,YSO,Stochastic,Stochastic
ZTF21abeineq,YSO,YSO,Periodic,Stochastic
ZTF21abepick,QSO,CV/Nova,Stochastic,Stochastic
ZTF21abepiyk,RSCVn,RSCVn,Periodic,Stochastic
ZTF21abeqjlk,QSO,CV/Nova,Stochastic,Stochastic
ZTF21aberehs,Periodic-Other,CV/Nova,Periodic,Periodic
ZTF21abesrbj,CV/Nova,CV/Nova,Periodic,Stochastic
ZTF21abfepyv,YSO,CV/Nova,Periodic,Periodic
ZTF21abfevrv,CV/Nova,CV/Nova,Periodic,Stochastic
ZTF21abffdub,Periodic-Other,CV/Nova,Periodic,Periodic
ZTF21abffhbp,LPV,LPV,Periodic,Periodic
ZTF21abfhzyq,RSCVn,RSCVn,Periodic,Periodic
ZTF21abfkrff,CV/Nova,CV/Nova,Periodic,Stochastic
ZTF21abfppai,LPV,YSO,Periodic,Stochastic
ZTF21abghwfq,CV/Nova,CV/Nova,Stochastic,Stochastic
ZTF21abgoydz,CV/Nova,CV/Nova,Periodic,Transient
ZTF21abgyysa,RSCVn,YSO,Periodic,Stochastic
ZTF21abhctxw,LPV,CV/Nova,Periodic,Stochastic
ZTF21abhdtnr,Periodic-Other,CV/Nova,Periodic,Stochastic
ZTF21abheops,Periodic-Other,CV/Nova,Periodic,Periodic
ZTF21abhromy,EB/EW,CV/Nova,Periodic,Periodic
ZTF21abhthgo,LPV,CV/Nova,Periodic,Transient
ZTF21abidzrd,YSO,CV/Nova,Periodic,Stochastic
ZTF21abihwkl,RSCVn,YSO,Periodic,Stochastic
ZTF21abikvvf,YSO,YSO,Periodic,Stochastic
ZTF21abikzqu,Periodic-Other,CV/Nova,Periodic,Periodic
ZTF21abinvjg,Periodic-Other,CV/Nova,Periodic,Periodic
ZTF21abitqbv,CV/Nova,CV/Nova,Stochastic,Stochastic
ZTF21abjcwom,RSCVn,CV/Nova,Periodic,Stochastic
ZTF21abjiebh,Periodic-Other,CV/Nova,Periodic,Periodic
ZTF21abjnian,CV/Nova,CV/Nova,Periodic,Stochastic
ZTF21abjnmoq,Periodic-Other,CV/Nova,Periodic,Periodic
ZTF21abjrjqj,CEP,CV/Nova,Periodic,Stochastic
ZTF21abjscmr,DSCT,DSCT,Periodic,Periodic
ZTF21abjvfqu,LPV,YSO,Periodic,Stochastic
ZTF21abjysok,EA,CV/Nova,Periodic,Periodic
ZTF21abkbgdt,YSO,CV/Nova,Stochastic,Stochastic
ZTF21abkndlv,LPV,CV/Nova,Periodic,Stochastic
ZTF21abknfhn,LPV,YSO,Periodic,Stochastic
ZTF21abkorvm,CV/Nova,CV/Nova,Stochastic,Stochastic
ZTF21abkxgul,Periodic-Other,CV/Nova,Periodic,Periodic
ZTF21ablhwee,LPV,CV/Nova,Periodic,Stochastic
ZTF21ablhxfh,LPV,CV/Nova,Periodic,Stochastic
ZTF21ablplha,CV/Nova,CV/Nova,Periodic,Stochastic
ZTF21ablpnwc,Periodic-Other,CV/Nova,Periodic,Periodic
ZTF21abltuao,CV/Nova,CV/Nova,Stochastic,Stochastic
ZTF21ablziwo,YSO,YSO,Periodic,Stochastic
ZTF21abnbmef,CV/Nova,CV/Nova,Periodic,Stochastic
ZTF21abnjmnt,Periodic-Other,CV/Nova,Periodic,Periodic
ZTF21abnkfbj,CV/Nova,CV/Nova,Periodic,Stochastic
ZTF21abnvmob,LPV,CEP,Periodic,Periodic
ZTF21aboymtj,Periodic-Other,CV/Nova,Periodic,Periodic
ZTF21abozjea,CV/Nova,CV/Nova,Periodic,Stochastic
ZTF21abpjinu,LPV,YSO,Periodic,Periodic
ZTF21abpqfjf,YSO,CV/Nova,Stochastic,Stochastic
ZTF21abrhsvh,QSO,CV/Nova,Stochastic,Stochastic
ZTF21absjktz,QSO,CV/Nova,Stochastic,Stochastic
ZTF21absrhon,Periodic-Other,CV/Nova,Periodic,Periodic
ZTF21abtmgbo,EA,YSO,Periodic,Stochastic
ZTF21abtneqx,RSCVn,RSCVn,Periodic,Periodic
ZTF21abtrehl,CV/Nova,CV/Nova,Periodic,Stochastic
ZTF21abuitun,RSCVn,YSO,Stochastic,Stochastic
ZTF21abujcwq,YSO,YSO,Stochastic,Stochastic
ZTF21abulmhl,QSO,CV/Nova,Stochastic,Stochastic
ZTF21abuugei,YSO,CV/Nova,Stochastic,Stochastic
ZTF21abuyjra,LPV,LPV,Periodic,Stochastic
ZTF21abuyqse,CV/Nova,CV/Nova,Periodic,Stochastic
ZTF21abyrfci,QSO,CV/Nova,Stochastic,Stochastic
ZTF21acabkuz,CV/Nova,CV/Nova,Periodic,Stochastic
ZTF21acajims,RSCVn,CV/Nova,Periodic,Stochastic
ZTF21acajxwa,QSO,CV/Nova,Stochastic,Stochastic
ZTF21acarbyq,QSO,CV/Nova,Stochastic,Stochastic
ZTF21acarorl,Periodic-Other,CV/Nova,Periodic,Periodic
ZTF21acbgofx,CV/Nova,CV/Nova,Periodic,Transient
ZTF21acfuhvh,EA,CV/Nova,Periodic,Transient
ZTF21acgnjsi,Periodic-Other,CV/Nova,Periodic,Stochastic
ZTF21acgntnh,Periodic-Other,CV/Nova,Periodic,Periodic
ZTF21acgsmea,Periodic-Other,CV/Nova,Periodic,Transient
ZTF21acgtqjo,EA,CV/Nova,Periodic,Stochastic
ZTF21acguuxp,CV/Nova,CV/Nova,Periodic,Stochastic
ZTF21achohxn,Blazar,CV/Nova,Stochastic,Stochastic
ZTF21achprio,CV/Nova,CV/Nova,Stochastic,Stochastic
ZTF21acilpcy,LPV,YSO,Periodic,Periodic
ZTF21acirfgc,RSCVn,CV/Nova,Periodic,Stochastic
ZTF21acirsja,RSCVn,CV/Nova,Periodic,Periodic
ZTF21acjysnf,QSO,CV/Nova,Stochastic,Stochastic
ZTF21acnhcxx,DSCT,CV/Nova,Periodic,Periodic
ZTF21acniuar,Periodic-Other,CV/Nova,Periodic,Periodic
ZTF21acojpek,RSCVn,CV/Nova,Periodic,Periodic
ZTF21acozvei,YSO,CV/Nova,Stochastic,Stochastic
ZTF21acpkyzv,CV/Nova,CV/Nova,Periodic,Stochastic
ZTF21acqcrts,RSCVn,YSO,Periodic,Stochastic
ZTF21acrazbz,QSO,CV/Nova,Stochastic,Stochastic
ZTF21acsjoqs,Periodic-Other,EB/EW,Periodic,Periodic
ZTF21acsmrth,Periodic-Other,CV/Nova,Periodic,Periodic
ZTF21acudhrg,LPV,CEP,Periodic,Periodic
ZTF22aabbrdf,CV/Nova,CV/Nova,Periodic,Stochastic
ZTF22aabgyez,RSCVn,YSO,Periodic,Periodic
ZTF22aabhdar,Periodic-Other,YSO,Periodic,Stochastic
ZTF22aabpany,RSCVn,YSO,Periodic,Stochastic
ZTF22aabsiiz,QSO,CV/Nova,Stochastic,Stochastic
ZTF22aabwvkp,Blazar,CV/Nova,Stochastic,Stochastic
ZTF22aacecwt,CV/Nova,CV/Nova,Periodic,Stochastic
ZTF22aacejju,RSCVn,YSO,Periodic,Stochastic
ZTF22aacuglm,YSO,YSO,Stochastic,Stochastic
ZTF22aacyjkj,QSO,CV/Nova,Stochastic,Stochastic
ZTF22aadibzf,YSO,YSO,Stochastic,Stochastic
ZTF22aaejgim,QSO,CV/Nova,Stochastic,Stochastic
ZTF22aaeuezp,CV/Nova,CV/Nova,Periodic,Stochastic
ZTF22aafavvq,RSCVn,YSO,Periodic,Stochastic
ZTF22aafbcdr,Periodic-Other,CV/Nova,Periodic,Periodic
ZTF22aafmbkn,RSCVn,YSO,Periodic,Stochastic
ZTF22aafmgic,CV/Nova,CV/Nova,Stochastic,Periodic
ZTF22aafnloz,LPV,CV/Nova,Stochastic,Stochastic
ZTF22aagehxg,AGN,CV/Nova,Stochastic,Stochastic
ZTF22aagethm,CV/Nova,CV/Nova,Periodic,Transient
ZTF22aagfuuu,CV/Nova,CV/Nova,Periodic,Stochastic
ZTF22aagfyiq,CV/Nova,CV/Nova,Stochastic,Stochastic
ZTF22aagital,QSO,CV/Nova,Stochastic,Stochastic
ZTF22aagvwwa,CV/Nova,CV/Nova,Periodic,Stochastic
ZTF22aahbltt,YSO,YSO,Periodic,Periodic
ZTF22aahbrom,CV/Nova,CV/Nova,Periodic,Stochastic
ZTF22aahwyhl,Periodic-Other,YSO,Periodic,Stochastic
ZTF22aaijyor,CV/Nova,CV/Nova,Periodic,Stochastic
ZTF22aaivtqf,LPV,YSO,Periodic,Stochastic
ZTF22aaivzzg,EB/EW,EB/EW,Periodic,Periodic
ZTF22aajjmxf,LPV,CV/Nova,Stochastic,Stochastic
ZTF22aajkjdl,CV/Nova,CV/Nova,Periodic,Stochastic
ZTF22aajllae,YSO,CV/Nova,Stochastic,Stochastic
ZTF22aajpzqv,RSCVn,YSO,Periodic,Stochastic
ZTF22aajzupp,RSCVn,CV/Nova,Periodic,Stochastic
ZTF22aakkbqx,QSO,CV/Nova,Stochastic,Stochastic
ZTF22aakpduu,YSO,YSO,Periodic,Stochastic
ZTF22aaksfmu,Periodic-Other,CV/Nova,Periodic,Periodic
ZTF22aakvwcp,CV/Nova,CV/Nova,Periodic,Stochastic
ZTF22aalbiqq,Periodic-Other,CV/Nova,Periodic,Stochastic
ZTF22aalgijh,YSO,CV/Nova,Stochastic,Stochastic
ZTF22aalsguf,CV/Nova,CV/Nova,Periodic,Stochastic
ZTF22aaludsw,YSO,CV/Nova,Periodic,Periodic
ZTF22aalwozu,YSO,YSO,Periodic,Periodic
ZTF22aamhdna,RSCVn,CV/Nova,Periodic,Stochastic
ZTF22aamheja,Periodic-Other,YSO,Periodic,Periodic
ZTF22aampsua,CEP,YSO,Periodic,Periodic
ZTF22aanzcvi,Periodic-Other,YSO,Periodic,Stochastic
ZTF22aaodsfx,LPV,CV/Nova,Periodic,Transient
ZTF22aaoecku,CV/Nova,CV/Nova,Periodic,Stochastic
ZTF22aaolygp,CV/Nova,CV/Nova,Periodic,Stochastic
ZTF22aaoxkzt,QSO,CV/Nova,Stochastic,Stochastic
ZTF22aapixzs,RSCVn,CV/Nova,Periodic,Stochastic
ZTF22aaqcjsi,Periodic-Other,CV/Nova,Periodic,Periodic
ZTF22aaqlvyr,QSO,CV/Nova,Stochastic,Stochastic
ZTF22aaqpjtp,Periodic-Other,CV/Nova,Periodic,Periodic
ZTF22aaqrzng,Periodic-Other,CV/Nova,Periodic,Periodic
ZTF22aaquqgw,Periodic-Other,YSO,Periodic,Stochastic
ZTF22aasdkcb,QSO,CV/Nova,Stochastic,Stochastic
ZTF22aashweu,LPV,YSO,Periodic,Stochastic
ZTF22aasrlye,EB/EW,EB/EW,Periodic,Periodic
ZTF22aatjtdv,RSCVn,YSO,Periodic,Stochastic
ZTF22aauvlqv,LPV,YSO,Periodic,Stochastic
ZTF22aauyfve,YSO,YSO,Stochastic,Periodic
ZTF22aavisrt,EA,YSO,Periodic,Periodic
ZTF22aawexhk,QSO,CV/Nova,Stochastic,Periodic
ZTF22aaxwtct,CV/Nova,CV/Nova,Stochastic,Periodic
ZTF22aayacpd,CV/Nova,CV/Nova,Periodic,Transient
ZTF22aaybmkt,CV/Nova,CV/Nova,Periodic,Stochastic
ZTF22aayxhbg,CV/Nova,CV/Nova,Periodic,Stochastic
ZTF22aazivhm,EA,CV/Nova,Periodic,Stochastic
ZTF22abbeboa,LPV,LPV,Periodic,Periodic
ZTF22abbfhxr,Periodic-Other,CV/Nova,Periodic,Stochastic
ZTF22abbhcmi,Periodic-Other,CV/Nova,Periodic,Periodic
ZTF22abbptxj,CV/Nova,CV/Nova,Stochastic,Stochastic
ZTF22abbqysb,Periodic-Other,CV/Nova,Periodic,Periodic
ZTF22abbrbds,CEP,YSO,Periodic,Periodic
ZTF22abcbwoq,RSCVn,YSO,Periodic,Stochastic
ZTF22abcqxgt,QSO,CV/Nova,Stochastic,Stochastic
ZTF22abcvnay,Microlensing,Microlensing,Stochastic,Stochastic
ZTF22abejzon,LPV,YSO,Periodic,Stochastic
ZTF22abejzrw,Periodic-Other,CV/Nova,Periodic,Periodic
ZTF22abeklor,RSCVn,CV/Nova,Periodic,Periodic
ZTF22abemxjo,Periodic-Other,CV/Nova,Periodic,Periodic
ZTF22abezgar,RRLab,RRLab,Periodic,Periodic
ZTF22abfkulq,LPV,YSO,Periodic,Stochastic
ZTF22abgaweg,QSO,CV/Nova,Stochastic,Stochastic
ZTF22abgopbh,AGN,SLSN,Stochastic,Transient
ZTF22abgpyph,QSO,CV/Nova,Stochastic,Stochastic
ZTF22abhcprt,RSCVn,CV/Nova,Periodic,Stochastic
ZTF22abjkhge,LPV,CV/Nova,Periodic,Stochastic
ZTF22abjpkvj,Blazar,CV/Nova,Stochastic,Stochastic
ZTF22abjrqjs,RRLc,RRLc,Periodic,Periodic
ZTF22abjuusd,QSO,CV/Nova,Stochastic,Stochastic
ZTF22abkyagx,AGN,SNII,Stochastic,Transient
ZTF22abmbcyd,YSO,CV/Nova,Stochastic,Stochastic
ZTF22abmmeax,Periodic-Other,CV/Nova,Periodic,Periodic
ZTF22abmsxoi,RSCVn,CV/Nova,Periodic,Stochastic
ZTF22abnjaig,Periodic-Other,CV/Nova,Periodic,Periodic
ZTF22abocvoh,YSO,CV/Nova,Stochastic,Stochastic
ZTF22aboczlk,LPV,YSO,Periodic,Stochastic
ZTF22abosxov,Periodic-Other,CV/Nova,Periodic,Periodic
ZTF22abosyia,Periodic-Other,YSO,Periodic,Stochastic
ZTF22aboteaa,Periodic-Other,CV/Nova,Periodic,Periodic
ZTF22aboyndk,Periodic-Other,CV/Nova,Periodic,Periodic
ZTF22abpfzbj,Periodic-Other,Microlensing,Periodic,Stochastic
ZTF22abpocdk,RSCVn,YSO,Periodic,Periodic
ZTF22abpzbio,RSCVn,YSO,Periodic,Stochastic
ZTF22abqafxq,YSO,YSO,Periodic,Stochastic
ZTF22abqqgdp,CV/Nova,CV/Nova,Periodic,Stochastic
ZTF22abqvmxi,RSCVn,CV/Nova,Periodic,Periodic
ZTF22abrpkhu,RSCVn,YSO,Periodic,Stochastic
ZTF22abrpomq,QSO,CV/Nova,Stochastic,Stochastic
ZTF22absgwcy,RSCVn,YSO,Periodic,Stochastic
ZTF22absmrso,Periodic-Other,Periodic-Other,Periodic,Periodic
ZTF22absoxfl,CV/Nova,CV/Nova,Periodic,Stochastic
ZTF22absvzyg,RSCVn,YSO,Periodic,Periodic
ZTF22abtdzlg,SNIa,SNIa,Transient,Transient
ZTF22abtoxwi,LPV,YSO,Periodic,Stochastic
ZTF22abttsug,LPV,YSO,Periodic,Stochastic
ZTF22abubmab,RSCVn,CV/Nova,Periodic,Stochastic
ZTF22abuqswx,EA,YSO,Periodic,Periodic
ZTF22abvgppn,CEP,CEP,Periodic,Periodic
ZTF22abvvhav,QSO,CV/Nova,Stochastic,Stochastic
ZTF22abvxzgb,Periodic-Other,CV/Nova,Periodic,Periodic
ZTF22abwqkzf,RSCVn,YSO,Periodic,Stochastic
ZTF22abwwluw,LPV,YSO,Periodic,Stochastic
ZTF22abwwykp,LPV,CV/Nova,Stochastic,Stochastic
ZTF22abwxkcw,YSO,YSO,Periodic,Stochastic
ZTF22abwzmtw,RSCVn,YSO,Periodic,Periodic
ZTF22abxczvt,QSO,CV/Nova,Stochastic,Stochastic
ZTF22abybmom,YSO,YSO,Periodic,Stochastic
ZTF22abysuve,CV/Nova,CV/Nova,Periodic,Periodic
ZTF22abywkdn,QSO,CV/Nova,Stochastic,Stochastic
ZTF22abztwpw,QSO,CV/Nova,Stochastic,Stochastic
ZTF22acawqkp,CV/Nova,CV/Nova,Stochastic,Stochastic
ZTF23aaabdze,RSCVn,RSCVn,Periodic,Periodic
ZTF23aaaceba,Periodic-Other,CV/Nova,Periodic,Stochastic
ZTF23aaadoiz,CV/Nova,CV/Nova,Stochastic,Stochastic
ZTF23aaavgwy,RRLc,RRLc,Periodic,Periodic
ZTF23aaavzhx,RSCVn,CV/Nova,Periodic,Stochastic
ZTF23aabbzep,QSO,CV/Nova,Stochastic,Stochastic
ZTF23aabcblc,RSCVn,Microlensing,Periodic,Stochastic
ZTF23aabhxnl,EB/EW,EB/EW,Periodic,Periodic
ZTF23aablnsg,LPV,YSO,Periodic,Periodic
ZTF23aablosl,CV/Nova,CV/Nova,Periodic,Stochastic
ZTF23aabnhfm,RSCVn,YSO,Periodic,Stochastic
ZTF23aabpral,Periodic-Other,CV/Nova,Periodic,Periodic
ZTF23aabxwqp,CV/Nova,CV/Nova,Periodic,Stochastic
ZTF23aabzmpy,RRLab,CV/Nova,Periodic,Periodic
ZTF23aacgjxu,RRLc,RRLc,Periodic,Periodic
ZTF23aadqkly,Periodic-Other,CV/Nova,Periodic,Periodic
ZTF23aadsncb,CV/Nova,CV/Nova,Stochastic,Stochastic
ZTF23aaduxry,Periodic-Other,CV/Nova,Periodic,Stochastic
ZTF23aaduyyy,YSO,CV/Nova,Periodic,Periodic
ZTF23aaebprx,QSO,CV/Nova,Stochastic,Stochastic
ZTF23aaepcxa,RSCVn,YSO,Periodic,Periodic
ZTF23aaflsra,RSCVn,YSO,Periodic,Stochastic
ZTF23aaguwwk,RSCVn,YSO,Periodic,Stochastic
ZTF23aahoxjs,RSCVn,RSCVn,Periodic,Periodic
ZTF23aahpfhk,QSO,CV/Nova,Stochastic,Stochastic
ZTF23aahwubh,CV/Nova,CV/Nova,Stochastic,Stochastic
ZTF23aaipzny,CV/Nova,CV/Nova,Periodic,Stochastic
ZTF23aajefgb,RSCVn,Microlensing,Periodic,Stochastic
ZTF23aajfpyi,RSCVn,Microlensing,Periodic,Stochastic
ZTF23aajynii,Periodic-Other,CV/Nova,Periodic,Periodic
ZTF23aaloiod,LPV,CV/Nova,Periodic,Stochastic
ZTF23aalzhtx,QSO,CV/Nova,Stochastic,Stochastic
ZTF23aamjspo,YSO,YSO,Periodic,Stochastic
ZTF23aamohag,QSO,CV/Nova,Stochastic,Stochastic
ZTF23aamzpzg,Periodic-Other,CV/Nova,Periodic,Stochastic
ZTF23aaobkvp,QSO,CV/Nova,Stochastic,Stochastic
ZTF23aaogkrl,RSCVn,CV/Nova,Stochastic,Stochastic
ZTF23aaopkxq,LPV,YSO,Periodic,Stochastic
ZTF23aaozynv,Periodic-Other,CV/Nova,Periodic,Stochastic
ZTF23aapcdxj,Microlensing,Microlensing,Periodic,Stochastic
ZTF23aapidtp,Periodic-Other,Periodic-Other,Periodic,Periodic
ZTF23aapjdep,RSCVn,YSO,Periodic,Stochastic
ZTF23aaprxmu,EA,Microlensing,Periodic,Stochastic
ZTF23aaqabjw,QSO,CV/Nova,Stochastic,Stochastic
ZTF23aaqawjq,RSCVn,YSO,Periodic,Stochastic
ZTF23aaqupat,EA,CV/Nova,Periodic,Periodic
ZTF23aascjbq,AGN,CV/Nova,Stochastic,Stochastic
ZTF23aasjrhl,Periodic-Other,CV/Nova,Periodic,Periodic
ZTF23aasxkzd,CV/Nova,CV/Nova,Periodic,Stochastic
ZTF23aatlztn,QSO,CV/Nova,Stochastic,Stochastic
ZTF23aatsvpx,CV/Nova,CV/Nova,Periodic,Stochastic
ZTF23aauentq,YSO,Microlensing,Periodic,Stochastic
ZTF23aawkivj,QSO,CV/Nova,Stochastic,Stochastic
ZTF23aawmaci,RSCVn,RSCVn,Periodic,Stochastic
ZTF23aaxdrkh,RSCVn,YSO,Periodic,Stochastic
ZTF23aaxknjh,RSCVn,RSCVn,Periodic,Stochastic
ZTF23aaxkxcy,AGN,TDE,Stochastic,Stochastic
ZTF23aaxkxhr,Periodic-Other,CV/Nova,Periodic,Periodic
ZTF23aaxodsq,Periodic-Other,CV/Nova,Periodic,Periodic
ZTF23aaxorzu,CV/Nova,CV/Nova,Periodic,Stochastic
ZTF23aaxtwez,Periodic-Other,CV/Nova,Periodic,Periodic
ZTF23aaztqtj,RSCVn,Microlensing,Periodic,Stochastic
ZTF23abaexlr,Periodic-Other,EA,Periodic,Periodic
ZTF23abbkxrp,Periodic-Other,CV/Nova,Periodic,Stochastic
ZTF23abcmymf,CV/Nova,CV/Nova,Periodic,Stochastic
ZTF23abdtiyb,YSO,YSO,Periodic,Stochastic
ZTF23abgpqgl,EB/EW,EB/EW,Periodic,Periodic
ZTF23abgpxxm,RSCVn,YSO,Periodic,Periodic
ZTF23abgtxoq,RSCVn,YSO,Periodic,Stochastic
ZTF23abiazuq,YSO,YSO,Periodic,Periodic
ZTF23abifghl,RSCVn,Microlensing,Periodic,Stochastic
ZTF23abjjpmm,RSCVn,YSO,Periodic,Stochastic
ZTF23abjuzpo,QSO,CV/Nova,Stochastic,Stochastic
ZTF23abjvbuk,QSO,CV/Nova,Stochastic,Stochastic
ZTF23abkaaun,Periodic-Other,CV/Nova,Periodic,Periodic
ZTF23abmoecz,Periodic-Other,YSO,Periodic,Stochastic
ZTF23abmvgyj,CV/Nova,CV/Nova,Stochastic,Stochastic
ZTF23aboaofh,CV/Nova,CV/Nova,Stochastic,Stochastic
ZTF23abojftn,Periodic-Other,CV/Nova,Periodic,Periodic
ZTF23abpppyt,YSO,CV/Nova,Stochastic,Stochastic
ZTF23abpqxfx,RSCVn,CV/Nova,Periodic,Stochastic
ZTF23abqgkgj,QSO,CV/Nova,Stochastic,Stochastic
ZTF23abreuou,QSO,CV/Nova,Stochastic,Stochastic
ZTF23abrrxmp,CV/Nova,CV/Nova,Stochastic,Stochastic
ZTF23absdlza,QSO,CV/Nova,Stochastic,Stochastic
ZTF23abseril,EA,YSO,Periodic,Stochastic
ZTF23abtkthd,Periodic-Other,CV/Nova,Periodic,Periodic
ZTF23abtxtdx,AGN,CV/Nova,Stochastic,Stochastic
ZTF23abubosi,CV/Nova,CV/Nova,Stochastic,Stochastic
ZTF23abutjyx,Microlensing,Microlensing,Periodic,Stochastic
ZTF23abuwcjj,RSCVn,YSO,Periodic,Stochastic
ZTF23abvskmk,Periodic-Other,CV/Nova,Periodic,Periodic
ZTF23abwbbqp,CV/Nova,CV/Nova,Periodic,Stochastic
ZTF24aabduwk,Periodic-Other,CV/Nova,Periodic,Periodic
ZTF24aabuxqg,AGN,CV/Nova,Stochastic,Stochastic
ZTF24aacygsb,Periodic-Other,CV/Nova,Periodic,Periodic
ZTF24aaduopr,YSO,YSO,Periodic,Stochastic
ZTF24aafboqo,CEP,YSO,Periodic,Stochastic
ZTF24aafrdps,RSCVn,YSO,Periodic,Stochastic
ZTF24aagcjok,RSCVn,CV/Nova,Periodic,Periodic
ZTF24aahbdwz,QSO,CV/Nova,Stochastic,Stochastic
ZTF24aahcowm,Periodic-Other,CV/Nova,Periodic,Stochastic
ZTF24aahrrdf,Periodic-Other,CV/Nova,Periodic,Periodic
ZTF24aaiulmg,QSO,CV/Nova,Stochastic,Stochastic
ZTF24aajvyxa,CV/Nova,CV/Nova,Periodic,Periodic
ZTF24aakimzq,Periodic-Other,EA,Periodic,Periodic
ZTF24aakmomo,Periodic-Other,CV/Nova,Periodic,Periodic
ZTF24aambcla,CV/Nova,CV/Nova,Periodic,Stochastic
ZTF24aamgqml,QSO,Microlensing,Stochastic,Stochastic
ZTF24aamrgci,LPV,CV/Nova,Periodic,Stochastic
ZTF24aamsnbx,QSO,CV/Nova,Stochastic,Stochastic
ZTF24aaotakb,RSCVn,CV/Nova,Periodic,Transient
ZTF24aaphgrk,LPV,CEP,Periodic,Periodic
ZTF24aaqnmod,RSCVn,Microlensing,Periodic,Stochastic
ZTF24aaqpfve,QSO,CV/Nova,Stochastic,Stochastic
ZTF24aaqvyxp,QSO,CV/Nova,Stochastic,Stochastic
ZTF24aarjckt,RSCVn,YSO,Periodic,Stochastic
ZTF24aarjyfl,QSO,CV/Nova,Stochastic,Stochastic
ZTF24aarlcui,CV/Nova,CV/Nova,Periodic,Stochastic
ZTF24aarvppt,RSCVn,EA,Periodic,Periodic
ZTF24aarzjsy,CV/Nova,CV/Nova,Stochastic,Stochastic
ZTF24aaszcdc,CV/Nova,EA,Periodic,Periodic
ZTF24aaszfqk,CV/Nova,CV/Nova,Stochastic,Stochastic
ZTF24aatymhh,QSO,CV/Nova,Stochastic,Stochastic
ZTF24aauxhft,LPV,CV/Nova,Periodic,Stochastic
ZTF24aawwipd,CV/Nova,CV/Nova,Periodic,Stochastic
ZTF24aazmufm,CV/Nova,CV/Nova,Stochastic,Stochastic
ZTF24aazngtt,CV/Nova,CV/Nova,Stochastic,Stochastic
ZTF24aazpliu,CV/Nova,CV/Nova,Periodic,Stochastic
ZTF24abaqqoa,Periodic-Other,Microlensing,Periodic,Stochastic
ZTF24abdkezl,YSO,YSO,Stochastic,Stochastic
ZTF24abfvczv,RSCVn,YSO,Periodic,Periodic
ZTF24abgiumi,CV/Nova,CV/Nova,Stochastic,Stochastic
ZTF24abhwvps,QSO,CV/Nova,Stochastic,Stochastic
ZTF24abizkfm,Microlensing,Microlensing,Periodic,Stochastic
ZTF24abjfmkt,YSO,YSO,Stochastic,Stochastic
ZTF24ablfhdv,Periodic-Other,CV/Nova,Periodic,Stochastic
ZTF24ablngwh,Periodic-Other,CV/Nova,Periodic,Stochastic
ZTF24abluefj,YSO,YSO,Stochastic,Stochastic
ZTF24abmkpvl,EA,YSO,Periodic,Stochastic
ZTF24abogcai,Microlensing,Microlensing,Stochastic,Periodic
ZTF24abpqfqk,EA,YSO,Periodic,Stochastic
ZTF24abqzavr,Periodic-Other,CV/Nova,Periodic,Stochastic
ZTF24absvglo,CV/Nova,CV/Nova,Stochastic,Stochastic
ZTF24abswwju,QSO,CV/Nova,Stochastic,Stochastic
ZTF24abtljwg,YSO,YSO,Periodic,Stochastic
ZTF24abuztwz,Blazar,CV/Nova,Stochastic,Stochastic
ZTF24abwsgkl,CV/Nova,CV/Nova,Stochastic,Stochastic
ZTF24abzyzcm,QSO,CV/Nova,Stochastic,Stochastic
ZTF25aaaajny,EA,YSO,Periodic,Periodic
ZTF25aacidgl,EA,CV/Nova,Periodic,Periodic
ZTF25aafcwoz,Periodic-Other,CV/Nova,Periodic,Stochastic
ZTF25aaiisej,Periodic-Other,CV/Nova,Periodic,Periodic
ZTF25aajaazg,QSO,CV/Nova,Stochastic,Stochastic
ZTF25aakafgu,Periodic-Other,CV/Nova,Periodic,Periodic
ZTF25aakoldq,LPV,CV/Nova,Periodic,Transient
ZTF25aalosbt,Periodic-Other,CV/Nova,Periodic,Periodic
ZTF25aancybx,RSCVn,YSO,Periodic,Stochastic
ZTF25aanmewt,QSO,Microlensing,Stochastic,Stochastic
ZTF25aapechl,AGN,Microlensing,Stochastic,Transient
ZTF25aaroypb,QSO,CV/Nova,Stochastic,Stochastic
ZTF25aarriyd,RSCVn,YSO,Periodic,Stochastic
ZTF25aartglj,CV/Nova,CV/Nova,Periodic,Stochastic
ZTF25aatysyi,LPV,YSO,Periodic,Periodic
ZTF25aaudxws,CV/Nova,CV/Nova,Stochastic,Stochastic
ZTF25aavumur,Blazar,CV/Nova,Stochastic,Stochastic
ZTF25aawkxgd,RSCVn,CV/Nova,Periodic,Stochastic
ZTF25aaxcwli,YSO,YSO,Periodic,Stochastic
ZTF25aaxdwim,Periodic-Other,CV/Nova,Periodic,Periodic
ZTF25aayicfz,YSO,YSO,Stochastic,Stochastic
ZTF25aaykych,CV/Nova,CV/Nova,Periodic,Periodic
ZTF25aazazyc,Periodic-Other,CV/Nova,Periodic,Periodic
ZTF25aazbecu,Periodic-Other,CV/Nova,Periodic,Periodic
ZTF25abccfza,RSCVn,CV/Nova,Periodic,Periodic
ZTF25abckyzp,YSO,CV/Nova,Stochastic,Stochastic
ZTF25abcxczb,CV/Nova,CV/Nova,Periodic,Stochastic
ZTF25abczebr,YSO,CV/Nova,Periodic,Periodic
ZTF25abdfubw,CV/Nova,CV/Nova,Periodic,Stochastic
ZTF25abdzwje,CV/Nova,CV/Nova,Stochastic,Stochastic
ZTF25abeaugh,RSCVn,CV/Nova,Periodic,Stochastic
ZTF25abfqdyg,YSO,YSO,Periodic,Stochastic
ZTF25abgioar,EA,YSO,Periodic,Periodic
ZTF25abjkisy,QSO,SLSN,Stochastic,Transient
ZTF25abkswph,QSO,CV/Nova,Stochastic,Stochastic
ZTF25abodrpd,EA,CV/Nova,Periodic,Stochastic
ZTF25abtbref,CV/Nova,SNII,Periodic,Transient
ZTF25abtpnlx,QSO,CV/Nova,Stochastic,Transient
ZTF25abucwwm,EA,CV/Nova,Periodic,Periodic
ZTF25abuhoti,QSO,CV/Nova,Stochastic,Stochastic
ZTF25abxeyeh,QSO,CV/Nova,Stochastic,Transient
ZTF25abxpcdc,RSCVn,CV/Nova,Periodic,Periodic
ZTF25abzbgjt,CV/Nova,CV/Nova,Periodic,Stochastic
